,OBJECTID,HUC8,VALUE_0,VALUE_11,VALUE_21,VALUE_22,VALUE_23,VALUE_24,VALUE_31,VALUE_41,VALUE_42,VALUE_43,VALUE_45,VALUE_46,VALUE_52,VALUE_71,VALUE_81,VALUE_82,VALUE_90,VALUE_95,TotalPixels,V_0_PERCENT,V_11_PERCENT,V_21_PERCENT,V_22_PERCENT,V_23_PERCENT,V_24_PERCENT,V_31_PERCENT,V_41_PERCENT,V_42_PERCENT,V_43_PERCENT,V_45_PERCENT,V_46_PERCENT,V_52_PERCENT,V_71_PERCENT,V_81_PERCENT,V_82_PERCENT,V_90_PERCENT,V_95_PERCENT,TotalPercents
0,1,2070008,0.0,44228700.0,403607700.0,223456500.0,117737100.0,31041000.0,3816000.0,766638899.9999999,27746100.0,343078200.00000006,5279400.0,12686400.0,3747600.0,2066400.0,931896000.0,226024200.0,61273800.0,2644199.9999999995,3206968200.0,0.0,0.013791437033893881,0.1258533527086424,0.0696784271200444,0.036712899117615196,0.009679235360051278,0.0011899088990031145,0.23905410100418203,0.008651816379095996,0.10697898407598805,0.001646227736215158,0.003955885811402807,0.0011685803432662663,0.0006443468943658375,0.29058473358108133,0.07047908987685005,0.01910645699573822,0.0008245170625639504,1.0
1,2,2070010,0.0,143055000.0,624762900.0000001,530834400.00000006,298530000.0,100177200.0,10863000.0,697535100.0,48426300.00000001,292232700.0,16614000.0,15880500.0,9700200.0,7787699.999999999,344321999.99999994,83420100.0,139491900.0,10907100.0,3374540100.0,0.0,0.04239244334361296,0.18514016176604337,0.1573057021903518,0.08846538821690102,0.02968617856993313,0.003219105323418738,0.2067052336998455,0.014350488826610774,0.08659926726015198,0.004923337553463952,0.004705974600805603,0.0028745250352781404,0.0023077811403100527,0.1020352373350075,0.024720435237975093,0.04133656612941124,0.0032321737708791783,1.0000000000000002
2,3,2060006,0.0,141017400.0,294270300.0,181924199.99999997,83988000.0,23281200.0,10971900.000000002,720286200.0,18359100.0,273006900.0,7723800.0,10561500.0,12684600.000000002,5724000.0,252284400.00000003,211501800.0,132310799.99999999,20836800.000000004,2400732900.0,0.0,0.05873931248245067,0.12257519360025432,0.07577860910724386,0.03498431666429864,0.009697538614145705,0.004570229366207295,0.30002762906277497,0.007647289708905143,0.11371814832045664,0.0032172675269289642,0.004399281569390747,0.005283636509500912,0.002384271902967631,0.10508640923777902,0.08809884681465398,0.05511266996840839,0.008679349543633115,1.0
3,4,2040304,3262500.0,1259121600.0,22017599.999999996,12144600.000000002,5274900.0,1548000.0,13691700.0,1733400.0,42647400.0,16357500.0,267300.0,108000.0,1700100.0,321300.0,830700.0,196398900.0,103707900.0,280077300.0,1961210700.0,0.001663513257397586,0.6420124059082484,0.011226534711441253,0.0061923994193994565,0.002689614124581311,0.0007893083593720961,0.006981248878562615,0.0008838418024131726,0.021745445300701244,0.008340511297434794,0.00013629336205436775,5.506802507247182e-05,0.0008668624946824938,0.00016382737459060364,0.00042356489284909574,0.10014166249449893,0.05287952997605,0.1428083683206501,1.0
4,5,2080108,0.0,142456500.0,112588200.0,113715900.0,56718000.0,19506600.0,3929400.0,2770200.0000000005,28732500.0,13801500.0,203400.0,180000.0,1934100.0,928800.0,606600.0,6021900.000000001,55519200.00000001,33863400.0,593476200.0,0.0,0.24003742694315292,0.18970971371724762,0.1916098741617608,0.09556912307519662,0.03286837787260888,0.006620990024536789,0.0046677524726349605,0.048413904382349285,0.023255355480135513,0.00034272646485233947,0.0003032977565064951,0.00325893439366229,0.0015650164235735148,0.0010221134394268886,0.010146826443924796,0.09354916001686336,0.05705940693156693,0.9999999999999999
5,6,2020005,0.0,18351000.000000004,98361000.0,23867100.0,6254099.999999999,1455299.9999999998,5134500.000000001,715065300.0000001,294210000.0,676590300.0,7325100.000000001,33316200.0,712800.0,8165699.999999999,387939600.0,47911500.0,68052600.00000001,11169900.0,2403882000.0,0.0,0.007633902163250943,0.04091756583725824,0.00992856554523059,0.002601666803944619,0.0006053957723382428,0.002135920149158736,0.2974627290357847,0.12238953492725517,0.2814573677077327,0.003047196160210859,0.013859332529633318,0.00029652037828811897,0.0033968805457173018,0.16138046709447468,0.01993088679061618,0.0283094594493407,0.004646609109764955,1.0
6,7,2040101,0.0,51624899.99999999,143117100.0,14375700.0,3227400.0,940500.0,6793200.0,1700432999.9999998,91177200.0,493719299.99999994,26986500.0,17998200.000000004,927900.0,4406400.0,451995300.00000006,9949500.0,55563300.0,9225900.0,3082461300.0,0.0,0.016747947492479466,0.04642948801984959,0.004663708186701322,0.0010470204443442648,0.0003051133196708747,0.0022038232888763275,0.5516478017096272,0.029579349463365524,0.16017047805271714,0.008754854440508305,0.005838905422754214,0.0003010256771106907,0.0014295069981900502,0.14663454168913656,0.0032277777502024113,0.01802562776700554,0.0029930302774604177,1.0
7,8,2020004,0.0,46719000.0,266238000.0,165856500.00000003,76155300.00000001,28850400.0,7567200.0,885552300.0000001,225701100.00000003,375251400.0,13581900.0,18135000.000000004,16086599.999999998,17631900.0,1017069300.0,374382000.00000006,260189100.0,29049300.0,3824016300.0,0.0,0.012217259638772984,0.0696226111797693,0.043372330813548056,0.019915004023387667,0.007544528510508703,0.001978861857884863,0.23157649720269238,0.05902200259972742,0.09813017794929378,0.0035517369525856885,0.004742396103280209,0.004206728930522602,0.004610832856544048,0.26596887152390014,0.09790282536191074,0.06804079260854615,0.007596541887125325,1.0
8,9,2050306,0.0,137606400.0,611697600.0000001,319563000.00000006,132054299.99999999,55961100.0,16890300.0,1197224099.9999998,28215000.0,581554800.0,10944000.0,8279100.000000001,59145300.0,8271900.000000001,1017738899.9999999,2192266799.9999995,53934300.0,7924499.999999999,6439271399.999999,0.0,0.021369871131693568,0.09499484677723014,0.04962719850571916,0.020507646253270208,0.008690595026014901,0.002623014150327629,0.1859253983300036,0.004381706911747811,0.09031375816835428,0.0016995711657688478,0.0012857199962095095,0.009185091965528896,0.0012846018572846615,0.1580518721419321,0.3404526170460838,0.00837583891867021,0.0012306516541607487,1.0
9,10,2070009,0.0,10191600.0,199970100.0,101224800.0,34880399.99999999,9176400.0,7735500.000000001,560180699.9999999,13971600.0,247491900.0,3158100.0,5607000.0,3305700.0,2218500.0,695007900.0,579352500.0,34170300.00000001,3507300.0,2511150300.0,0.0,0.0040585384315705835,0.07963286785342956,0.040310131974179327,0.013890208005470637,0.003654261554953521,0.0030804607752869277,0.22307732834629607,0.00556382467429369,0.0985571831363499,0.0012576308156465187,0.0022328412600392737,0.0013164086594099924,0.0008834596638839181,0.2767687382153111,0.23071199680879317,0.013607429232730516,0.0013966905923552247,1.0
10,11,2080103,0.0,20412000.0,205756199.99999997,36193500.0,10403999.999999998,2674800.0,3355200.0,1528119000.0000002,115688700.0,633458699.9999999,35334000.00000001,43146000.0,3611700.0,1408499.9999999998,1113079500.0,222255000.00000003,50038200.0,7154099.999999999,4032089100.0,0.0,0.0050623881302623,0.05102967590671545,0.008976364138381763,0.0025803001228321067,0.0006633781976692926,0.0008321244686780359,0.3789893928683273,0.02869199988660965,0.15710434077461233,0.008763199206088975,0.010700656391744915,0.0008957391343360939,0.0003493226377363535,0.2760552835997597,0.055121549769324305,0.012409993618444592,0.0017742911484768527,1.0
11,12,2080105,0.0,34747200.0,98830800.0,21063600.0,6497100.000000001,1395900.0000000002,3635100.0,373210200.00000006,421774200.0,560455199.9999999,128294100.0,54627300.0,34128000.0,2215800.0,73428300.0,283947300.0,240790500.0,20290500.0,2359331100.0,0.0,0.014727564096450896,0.04188933041233594,0.008927784658965416,0.0027537889870565438,0.000591650743721388,0.0015407333036045682,0.15818474990644596,0.17876855011998952,0.23754834580021425,0.05437731906301748,0.023153723527825323,0.014465116829087701,0.0009391644945467806,0.03112250756157116,0.12035076382454332,0.1020587996318109,0.008600107038812824,0.9999999999999999
12,13,2080206,0.0,541026000.0,379717199.99999994,241347599.99999997,132196499.99999999,52416899.99999999,9302400.0,273247200.00000006,461839500.0,590960700.0,58263299.99999999,38249100.00000001,32626800.000000004,5063400.0,24190200.0,373625100.0,445009500.0,74353500.0,3733434900.0,0.0,0.14491373614148192,0.10170719730508758,0.06464491988329567,0.03540881347629765,0.014039859112047191,0.0024916464995813907,0.07318922314675959,0.12370364352676941,0.1582887383411989,0.01560581650961692,0.010245015923540012,0.00873908367867885,0.0013562309603952114,0.006479341584341005,0.10007542919792173,0.11919573045186886,0.019915574261118094,0.9999999999999999
13,14,2080110,0.0,903518099.9999999,76765500.0,40769100.0,18487800.0,8139600.0,2610900.0,14886900.0,109235700.0,59712300.0,4103100.0,885600.0,7078499.999999999,1716300.0,8298899.999999999,393650100.0,495103499.99999994,370360800.00000006,2515322700.0,0.0,0.35920563989662235,0.03051914571438488,0.016208298044620675,0.007350070827890195,0.003236006258759562,0.001037998027052354,0.005918485131152357,0.04342810566612387,0.023739419200566193,0.0016312419873601108,0.0003520820608822876,0.002814151838251211,0.0006823378964456528,0.0032993380928816804,0.1565008338691493,0.19683498264457278,0.1472418628432845,1.0
14,15,2070001,0.0,13910400.0,108910800.0,17183700.0,5382900.0,1419299.9999999998,10586700.0,2401165799.9999995,98676000.0,571403700.0,13968000.0,48620700.0,134100.0,1090800.0,482223599.99999994,57411900.00000001,353700.0,342900.0,3832784999.9999995,0.0,0.0036293191504349976,0.0284155777065502,0.004483345661183709,0.0014044356779730667,0.00037030514364880886,0.0027621429326194925,0.6264806922381505,0.025745247907200643,0.14908316015638762,0.0036443473870827613,0.012685475444096135,3.498761344557548e-05,0.0002845972315170301,0.12581545795028942,0.014979160062461113,9.22827656651756e-05,8.946497129371985e-05,1.0000000000000002
15,16,2040103,0.0,54265500.0,105675299.99999999,15893100.0,4098600.0,1422899.9999999998,3087900.0,826143300.0,27839700.0,209378700.0,7510499.999999999,7496099.999999999,616500.0,3777300.0,178072200.0,1251900.0000000002,93096000.00000001,9046800.0,1548672300.0,0.0,0.03504001459831108,0.06823606259374561,0.010262403479419114,0.002646525026630876,0.0009187870151742237,0.0019939014858081985,0.5334526226109939,0.017976495091957156,0.13519884096848636,0.004849637976994874,0.004840339689681283,0.00039808292561312035,0.0024390569909463738,0.11498378320578213,0.0008083698533253292,0.06011342748236668,0.005841649004763629,0.9999999999999999
16,17,2040106,0.0,47694600.0,358308900.00000006,201476700.0,96287400.0,38015100.00000001,23463000.0,1543237199.9999998,96494399.99999999,354599100.0,15020999.999999998,15555600.0,6015600.0,3748500.0,226056600.00000003,344616300.0,149993999.99999997,6157800.0,3526741800.0,0.0,0.013523700544224701,0.10159771265364537,0.05712828197403053,0.027302083753338563,0.010779099280814946,0.006652882839339132,0.43758156607892296,0.02736077815506652,0.10054580689745986,0.004259172021042198,0.004410756693330938,0.0017057103528248085,0.001062879057378116,0.06409785938964968,0.09771520557586609,0.0425304738781841,0.0017460308548814091,0.9999999999999999
17,18,2050106,0.0,65460600.00000001,256577400.0,34300800.0,11353500.0,5265900.0,14880600.000000002,2024615699.9999998,122395500.00000001,903562200.0,56346300.00000001,22656600.0,5826600.0,5244300.0,1385154000.0,104459399.99999999,129695400.0,43595100.0,5191389900.0,0.0,0.012609455514023328,0.04942364278976619,0.006607247897138298,0.002186986571746422,0.0010143526303042659,0.002866399998197015,0.38999492216910925,0.023576634072505327,0.1740501517714938,0.010853798517425942,0.004364264760772447,0.001122358388068675,0.0010101918948526676,0.266817562672378,0.02012166337188428,0.024982789291168442,0.00839757768916567,1.0
18,19,2050107,0.0,76227300.0,303129900.0,160953299.99999997,119260800.0,46048500.0,44808300.0,2187433799.9999995,77569200.00000001,533773800.0,49044600.0,30110400.0,9646199.999999998,6229800.0,516868200.0,317417399.99999994,80536500.0,13697100.0,4572755100.0,0.0,0.016669884639131452,0.06629042959243542,0.035198320592327366,0.026080731942106413,0.010070187226952083,0.00979897217762657,0.4783623334650044,0.01696334010977321,0.11672914650513429,0.010725393975286365,0.006584739252710034,0.0021094941209512832,0.0013623734190357144,0.1130321193015563,0.06941491356053596,0.01761224868569935,0.0029953714337336806,0.9999999999999998
19,20,2050201,0.0,27405000.0,189021600.0,41853600.0,9235800.0,2599200.0,84410100.0,2135143800.0000002,260352000.0,824242500.0,46575000.0,46126800.0,2117700.0,27895500.0,337065300.0,76603500.00000001,20312100.0,5094900.0,4136054400.0000005,0.0,0.006625879969083578,0.04570094629316287,0.01011920926378531,0.00223299770912104,0.0006284250033075,0.020408363100833486,0.5162272043617221,0.06294694769972077,0.19928231601595953,0.011260731967161746,0.011152367821854567,0.0005120097066421563,0.00674447125260248,0.08149440684339161,0.018520912104057433,0.004910984729794656,0.0012318261577990849,0.9999999999999999
20,21,2050202,0.0,5125499.999999999,73278900.0,5379300.000000001,1661400.0,468900.0,4317300.0,1714025699.9999998,77655600.0,605214900.0000001,73161900.0,21124800.000000004,3993300.0,2387700.0,67472999.99999999,1862100.0,14847300.0,5973299.999999999,2677950900.0,0.0,0.001913963396416267,0.02736379520625266,0.002008737352129944,0.000620399724281726,0.00017509656357030294,0.0016121654807039218,0.6400512048223138,0.02899814182552787,0.22599925189069006,0.02732010508482437,0.007888419462806433,0.001491177452133271,0.0008916145549942682,0.02519575694983802,0.0006953450864241014,0.005544276409250072,0.002230548737842803,0.9999999999999999
21,22,2050203,0.0,15572700.0,68963400.0,5755500.0,1656900.0,640800.0,2844000.0,1219643100.0000002,39456899.99999999,580886100.0000001,14978700.0,8473500.000000002,2537100.0,1395900.0000000002,42065100.0,17864999.999999996,5215500.0,3266100.0,2031216300.0000005,0.0,0.0076666871962380355,0.03395177559376615,0.0028335239334186116,0.0008157181487761789,0.0003154760032203364,0.0014001463064273359,0.6004496419214438,0.019425257664582536,0.2859794400035092,0.007374251575275364,0.004171638441459927,0.0012490545689299555,0.000687223709262278,0.02070931589117318,0.008795222842589434,0.0025676733689070923,0.001607952831020507,1.0
22,23,2050204,0.0,10554300.0,111687300.0,53805599.99999999,17075700.0,5859899.999999999,7587900.000000001,1050095699.9999999,44562599.99999999,329798700.00000006,12839399.999999998,5885100.0,19800.0,1045800.0,160268400.00000003,187572600.0,2713500.0,1316700.0000000002,2002689000.0,0.0,0.005270064398416329,0.055768669024496564,0.02686667775176275,0.008526386273655071,0.0029260159715262823,0.0037888558832649506,0.524342871009927,0.022251383015535607,0.1646779405089857,0.006411080302533243,0.0029385990535724716,9.886707322005564e-06,0.0005221979049168393,0.08002660423061196,0.09366037362765761,0.0013549282989021262,0.0006574660369133701,1.0
23,24,2050205,0.0,7757100.000000001,83025900.00000001,7304400.0,2442599.9999999995,946800.0,3754800.0,1390246200.0,45431100.00000001,697642200.0,38052000.0,16497900.0,5208300.0,1906200.0,193939200.0,24525900.0,13469400.000000002,7854300.000000001,2540004300.0,0.0,0.0030539712078440184,0.03268730686794507,0.002875743163111968,0.0009616519153136865,0.00037275527446941725,0.0014782652139604645,0.5473400970226704,0.017886229562682238,0.2746618184858978,0.014981077000538936,0.0064952252246187146,0.002050508339690606,0.0007504711704621917,0.076353886487515,0.009655849795214914,0.005302904408468916,0.003092238859595632,1.0
24,25,2050206,0.0,39089700.0,245295000.00000003,72792899.99999999,25470000.000000004,10287000.0,10770300.000000002,1870566300.0,90641699.99999999,1002675599.9999999,103878900.0,20163600.000000004,9628200.0,4546800.0,581253299.9999999,533382300.00000006,50645699.99999999,15838200.000000002,4686925500.0,0.0,0.008340158169785289,0.05233601430191285,0.015531055486160381,0.005434266023643859,0.0021948289982420244,0.0022979456362171753,0.39910305807079716,0.019339266220467978,0.21393034730336546,0.022163548364487553,0.004302095264795654,0.002054267771058021,0.0009701028958109106,0.12401590338911934,0.1138021715941506,0.010805740351537483,0.00337923015844822,0.9999999999999999
25,26,2050301,0.0,74268000.0,194126400.0,71576100.0,24168600.0,8876700.000000002,29774700.000000004,1818611100.0,75094200.0,323425799.99999994,23671800.0,15543000.000000002,47700.0,1457100.0000000002,355212000.0,716673600.0,14050800.0,4071600.0,3750649200.0,0.0,0.0198013719864817,0.05175807964125251,0.019083656237432176,0.006443844441650261,0.0023667102751171723,0.007938545678972057,0.4848790177444481,0.020021653851285265,0.08623195152455206,0.006311387372618053,0.0041440825764243695,1.2717798294759212e-05,0.0003884927441361352,0.09470680435802954,0.19107988025113093,0.0037462314524109586,0.001085572065763975,1.0
26,27,2050303,0.0,41664600.00000001,112632300.00000001,32631299.999999996,8382600.0,2454300.0,11272500.0,1488011400.0000002,29939400.0,176804099.99999997,18088199.999999996,28984500.0,92700.0,1403100.0000000002,319438799.99999994,218354400.0,822600.0,1098000.0,2492074800.0,0.0,0.01671884006049899,0.04519619555560692,0.013094029119832196,0.0033637032082664614,0.0009848420280161735,0.004523339347599037,0.5970974065465452,0.012013844849279805,0.07094654622726411,0.007258289357927778,0.01163067015484447,3.7197920383449165e-05,0.0005630248337650219,0.12818186677221724,0.08761952089078547,0.00033008640029584985,0.00044059672687192216,1.0000000000000002
27,28,2050304,0.0,27175500.0,166453200.0,50505300.0,12946500.0,4128300.0,3038400.0,2267394300.0,72930599.99999999,286627500.0,16215300.0,7529400.0,96300.0,667800.0,401170500.0,421760700.0,13906800.0,4173300.0,3756719700.0,0.0,0.00723383754183204,0.0443081233875394,0.01344398944643115,0.0034462246411410464,0.001098910839688146,0.0008087907117478049,0.6035569542225895,0.019413372789031873,0.07629728137555751,0.004316345454253614,0.0020042485469437604,2.5634065804803056e-05,0.00017776146567442867,0.10678744544076578,0.11226834410882451,0.003701846587063709,0.001110889375110951,1.0
28,29,2050305,0.0,76448700.00000001,357810300.0,304823699.99999994,121293900.0,54867600.0,9336600.0,1806196499.9999998,41359500.00000001,413470799.99999994,20882700.0,13450500.0,4821300.0,2265300.0,702699300.0,888152400.0,33147000.0,8939699.999999998,4859965800.0,0.0,0.0157302958798599,0.07362403661359099,0.0627213672985106,0.024957768221331927,0.011289709075730533,0.0019211246301362862,0.3716479856710102,0.008510245072094953,0.08507689498555729,0.004296882089170257,0.002767612068381222,0.0009920440180875346,0.0004661143911753453,0.14458935081395016,0.18274869341673144,0.006820418365907019,0.0018394573887742169,0.9999999999999999
29,30,2050101,0.0,72027000.00000001,272412000.00000006,58931100.0,18111600.0,5247000.0,6847200.0,2399778000.0000005,298697400.00000006,971559900.0000001,25533000.0,23269500.0,3598200.0,10165500.000000002,1268509500.0,190082700.0,270121500.0,32577299.999999996,5927468400.000001,0.0,0.012151393333450753,0.04595756259113925,0.009942035287779854,0.0030555371665920645,0.0008852008388606507,0.0011551643193913946,0.40485715621866497,0.05039206957223087,0.16390806908392797,0.00430757252117953,0.003925706293094704,0.0006070382424982644,0.0017149817281185338,0.2140052741571764,0.03206810853685867,0.0455711412987035,0.005495988810332585,1.0000000000000002
30,31,2050103,0.0,21679200.0,141119099.99999997,49828499.99999999,19273500.0,6177600.0,7223400.0,953813700.0,119312100.00000001,648391499.9999999,13965300.0,7056899.999999999,2648700.0,4064400.0,589968000.0,65289600.0,40596300.0,15423300.0,2705831100.0,0.0,0.008012030019168602,0.05215369872864569,0.018415229243244336,0.007122950135357672,0.0022830693312675724,0.002669567956403487,0.3525030442587492,0.04409443738007151,0.23962748450928806,0.005161186890046463,0.0026080341821778895,0.0009788859326807205,0.001502089321096206,0.21803578205601967,0.024129222256333738,0.015003264616183915,0.005700023183265208,1.0
31,32,2050105,0.0,25375500.0,180598500.0,56061000.0,18575100.0,5582700.0,7298099.999999999,1179745200.0000002,80039699.99999999,588218399.9999999,7600499.999999999,5652000.0,6442200.0,4873499.999999999,683058600.0,210909600.0,54746100.0,23661000.0,3138437700.0,0.0,0.008085392295663539,0.05754407678699501,0.017862709207195668,0.005918581719815563,0.0017788149817343833,0.002325392662725151,0.37590206107962576,0.025503039298820553,0.18742395300693715,0.0024217463357644473,0.0018008960318058886,0.0020526773559978585,0.0015528426771065104,0.21764287371388638,0.0672020986747642,0.01744374278960516,0.007539101381556817,1.0
32,33,2050102,0.0,36645299.99999999,197624700.0,42857100.00000001,16510500.0,5040000.0,6986700.000000001,1612577700.0,242770500.0,567030600.0,25135200.0,14264999.999999998,9897300.0,9279900.0,936084599.9999999,258597900.0,158406300.00000003,23151599.999999996,4162860900.0,0.0,0.008802912439375525,0.047473289342913186,0.01029510738636499,0.003966142611202791,0.001210705839342362,0.0016783409697883494,0.387372467814142,0.05831818689882239,0.1362117576400403,0.006037962978777407,0.003426729920281506,0.002377523592008563,0.002229212126689124,0.22486569272588472,0.06212023562930003,0.03805226833305913,0.005561463752007663,0.9999999999999999
33,34,2050104,0.0,20402100.0,165015900.00000003,25943400.0,9567000.0,2877300.0,7489800.0,1485348300.0,110628899.99999999,642422700.0000001,25110900.0,13452300.0,8110800.0,4302000.0,898619400.0,131930100.0,21085200.000000004,12955500.0,3585261600.0,0.0,0.00569054709982669,0.04602618118577457,0.00723612469449928,0.0026684245300259263,0.0008025355806672517,0.00208905258126771,0.41429286498926604,0.03085657682552369,0.1791843306496798,0.007003924065122612,0.003752111143019522,0.002262261699397333,0.0011999124415356468,0.2506426309310316,0.036797900605077184,0.005881077129769276,0.003613543848515824,1.0
34,35,2080111,0.0,598383000.0,96211800.0,29571300.0,8993699.999999998,2220300.0,3591000.0,13456800.0,185231700.0,80868600.00000001,4441500.0,1195200.0,8171100.000000001,911700.0,7906499.999999999,727429499.9999999,865183500.0000001,154133100.00000003,2787900300.0,0.0,0.21463572424021046,0.03451048805439707,0.010607014892175306,0.0032259761943423866,0.0007964058112121154,0.0012880661478461048,0.0048268584066654035,0.06644129275354646,0.029006991390617524,0.0015931344460201823,0.00042870973542346544,0.0029309154276428036,0.00032702030269877297,0.0028360052904330903,0.26092378554570256,0.3103351651420247,0.05528644621904163,1.0000000000000002
35,36,2040303,3513600.0,1319467500.0000002,117239400.0,83316600.00000001,43834499.99999999,14871600.0,34145100.00000001,35412300.00000001,76715099.99999999,87707700.0,4017600.0,1683000.0,5205600.0,1367100.0000000002,2321100.0,443138400.0,294385500.0,149199299.99999997,2717541000.0,0.0012929335748752273,0.48553729272161866,0.043141722608784926,0.030658819866931177,0.016130207419133694,0.0054724473338212745,0.01256470463555104,0.01303100854780112,0.02822960168770222,0.032274655653769344,0.0014783953581565098,0.0006193098834571401,0.0019155552758909618,0.0005030650871504791,0.0008541177483614783,0.1630659482230443,0.10832789643284131,0.05490231794110925,1.0000000000000002
36,37,2070005,0.0,21062700.000000004,227586599.99999997,149516099.99999997,41850900.0,17320500.0,2408400.0,1578446100.0,129802500.00000001,692280900.0,14073300.0,18871200.0,900.0,854100.0,1178726400.0,255247200.00000003,1484100.0,711900.0,4330243800.0,0.0,0.004864091024158964,0.05255745646469143,0.03452833302365099,0.009664790698389776,0.003999890260220452,0.0005561811554351744,0.3645166814856937,0.029975794896352027,0.15987111395436904,0.0032500017666441785,0.004357999427191605,2.0784049156770342e-07,0.00019724062649775054,0.2722078604442549,0.05894522613253324,0.00034272897059514293,0.0001644018288300534,1.0
37,38,2080104,0.0,422893800.0,165366000.00000003,64832400.0,27401400.0,9376200.0,3940200.0,328808700.0,344824199.99999994,651272399.9999999,59875200.0,41391000.0,20453400.0,3434400.0,62415000.00000001,500420700.0,243081900.0,44118000.00000001,2993904900.0,0.0,0.1412515808367861,0.055234219363480795,0.021654796049133024,0.009152394920760509,0.0031317628024858106,0.0013160738672761448,0.10982603355236835,0.115175401863967,0.21753276131115584,0.019999032033382224,0.013825088432167634,0.006831679924101798,0.0011471306252914045,0.02084735557231628,0.16714649152683508,0.0811922583112109,0.014735939007281096,1.0
38,39,2080106,0.0,99703800.00000001,189845100.0,34533000.0,12597300.0,4778100.0,5464800.0,779996700.0000001,422352900.0,932362200.0,155933099.99999997,100740600.00000001,39645900.0,5451300.000000001,383013000.0,343650599.99999994,267773400.00000003,34391699.99999999,3812233500.0,0.0,0.02615364457607332,0.049798917091516036,0.009058469267425514,0.0033044408218961406,0.0012533597430482682,0.001433490367261082,0.2046036004877456,0.11078883284562711,0.24457111559404743,0.04090334445673382,0.02642561112796475,0.010399651542855388,0.0014299491361166627,0.1004694492087119,0.09014416351988931,0.07024055583164043,0.009021404381447252,1.0
39,40,2080107,0.0,193905000.0,54506700.0,17682300.0,8568000.0,2116800.0,1175400.0,31447800.0,107836199.99999999,163906200.00000003,7634700.000000001,3506400.0,4701600.0,828000.0,2907900.0,64174500.0,64767600.0,26297999.999999996,755963100.0,0.0,0.2565006149109659,0.07210232880414401,0.023390427389908316,0.011333886534938015,0.0028001366733376274,0.0015548377956543116,0.04159964950670211,0.1426474387440339,0.2168177256270842,0.010099302465953697,0.004638321632365389,0.0062193511826172465,0.001095291555897371,0.003846616322939572,0.08489104825354571,0.0856756103571722,0.034787412242740415,1.0
40,41,2080204,0.0,12752100.0,123972300.00000001,53040600.0,18205200.0,6685200.0,1528200.0,819938700.0000001,103001400.0,389841300.0,38072700.00000001,47160000.0,461700.0,2364300.0,355444199.99999994,6789600.0,8919900.000000002,1227600.0,1989405000.0,0.0,0.006410007012146848,0.06231627044267005,0.02666153950553055,0.009151077834830011,0.003360401728154901,0.0007681693772761203,0.4121527290823136,0.05177497794566717,0.19595874143273995,0.019137732135990414,0.023705580311701238,0.00023207944083783845,0.0011884457915808998,0.17866859689203554,0.003412879730371644,0.0044837024135357065,0.0006170689226175666,1.0
41,42,2080205,0.0,33193800.0,171692099.99999997,55982700.00000001,25779599.999999996,7953299.999999999,5421600.0,562698000.0,257569200.00000003,649080000.0,135017100.0,91505700.0,3321900.0,6434099.999999999,263053800.0,68926500.0,101398500.0,8182800.0,2447210700.0,0.0,0.013563932194314123,0.07015828265216394,0.022876125868524524,0.01053427888330171,0.003249944927095979,0.002215420192466468,0.22993443106472197,0.10525011189269483,0.26523257682716084,0.055171832977029725,0.03739183552932324,0.001357422963212771,0.0026291565331910322,0.10749127567969526,0.028165331248347355,0.04143431540242939,0.0033437251643268803,1.0
42,43,2060001,0.0,1960271999.9999998,144000.0,188100.0,153900.0,96300.0,1745100.0,0.0,0.0,0.0,0.0,0.0,900.0,900.0,0.0,0.0,0.0,108900.0,1962710099.9999998,0.0,0.9987577890387378,7.336794160278689e-05,9.583687371864037e-05,7.841198758797848e-05,4.9064810946863734e-05,0.0008891277422987736,0.0,0.0,0.0,0.0,0.0,4.5854963501741805e-07,4.5854963501741805e-07,0.0,0.0,0.0,5.5484505837107585e-05,1.0
43,44,2060003,0.0,326912399.99999994,577797299.9999999,358060500.0,213944399.99999997,104053500.0,10844100.0,933070499.9999999,15895800.000000002,187903799.99999997,4613400.0,6721200.0,11560500.0,5337000.0,454620600.0,319185900.0,103131900.0,37656899.99999999,3671309700.0,0.0,0.08904517099170357,0.15738179211631204,0.09752936397602197,0.05827468055882073,0.028342337885578,0.0029537415489627582,0.2541519447405921,0.004329735516456158,0.05118168047767803,0.0012566087791503941,0.0018307363173420102,0.0031488762715932137,0.0014537046547721103,0.12383063188594523,0.08694060868795678,0.02809131030269661,0.010257075288418188,0.9999999999999999
44,45,2060004,0.0,197338500.0,118832399.99999999,81869400.00000001,30654899.999999996,9650700.0,1560600.0,233293500.00000003,12215700.0,107022599.99999999,981000.0,1709100.0,6337800.0,1238400.0,22164300.0,41919299.99999999,78445800.0,9691200.0,954925200.0,0.0,0.2066533588180519,0.12444157929856703,0.08573383548784765,0.03210188609537165,0.010106236593190755,0.001634264128750608,0.2443055225686787,0.012792310853247982,0.11207432791594565,0.0010273055941973255,0.0017897736911749737,0.00663695962783263,0.0012968555023995596,0.02321050905348398,0.04389799326690718,0.08214863321231862,0.010148648292033763,1.0
45,46,2060002,0.0,591152399.9999999,220436100.0,64525500.00000001,24164100.0,7868700.000000001,7683299.999999999,376163100.00000006,19389600.0,166139100.00000003,1529100.0,2885400.0000000005,9844200.0,2375100.0,170017200.0,1335401100.0000002,330475500.0,42776100.0,3372825600.0,0.0,0.17526918676139078,0.06535650701892205,0.019130992127194484,0.007164349084636929,0.0023329697212924384,0.0022780009734271463,0.1115275868399481,0.0057487704078147414,0.04925813537468407,0.0004533587505977184,0.0008554844934763305,0.0029186804084978483,0.0007041870175558439,0.05040794282396339,0.3959294841690007,0.09798179306988182,0.01268257095771569,1.0
46,47,2060005,0.0,789964200.0,105184800.0,40842000.0,12283200.0,4172400.0,3080700.0,95733900.0,57529800.0,99324900.0,2853900.0,723600.0,9371700.0,1428300.0000000002,9718199.999999998,1063742400.0000001,430756200.0,117729000.0,2844439200.0,0.0,0.2777223011129927,0.036979099430214574,0.014358542098561994,0.004318320461903352,0.0014668620795269592,0.001083060590642964,0.03365651127294266,0.02022535760300308,0.034918974538109306,0.001003326068632439,0.0002543910940335796,0.003294744355934906,0.0005021376445662822,0.0034165609867843187,0.3739726270120311,0.15143800577632316,0.04138917787379671,1.0000000000000002
47,48,2080109,0.0,95328000.0,93759300.0,41991299.99999999,15758100.0,5756400.000000001,1103400.0,52255800.0,158787000.00000003,132525900.0,9001800.0,1549800.0,7486200.0,751500.0,5395500.0,965260800.0000001,491994899.99999994,63707399.99999999,2142413100.0,0.0,0.04449562038245565,0.04376340865354119,0.019600001512313378,0.007355304166129306,0.002686876774605234,0.0005150267238377136,0.02439109432256552,0.07411595830888078,0.06185823826413309,0.004201710678486796,0.0007233899008552553,0.0034942840855482073,0.0003507726871162242,0.0025184218673793583,0.4505484026399951,0.22964520707981104,0.02973628195234616,1.0
48,49,2070002,0.0,22428900.0,136479600.0,41165100.00000001,17461799.999999996,6003000.0,44894700.0,2261011500.0,35046000.00000001,407808900.0,40360500.0,86481000.0,11700.0,3967200.0,335063699.99999994,23092200.0,9635400.000000002,7750800.0,3478662000.0,0.0,0.0064475651845450925,0.0392333604127104,0.011833601539902414,0.005019688604411695,0.0017256634878582628,0.01290573789577717,0.6499658489384712,0.010074563151004613,0.1172315390227622,0.011602305714093522,0.024860420472009065,3.3633621202634807e-06,0.001140438478932417,0.09631970567994244,0.006638241944747722,0.0027698580661185256,0.002228098044593007,1.0
49,50,2040207,0.0,403561800.0,123815699.99999999,75178800.0,34530300.00000001,13875300.0,4970700.0,70686000.0,20754000.0,46470600.0,2060100.0,440100.0,2727000.0000000005,660600.0,3560400.0,720531900.0,232759800.0,210094200.0,1966677300.0,0.0,0.20519980578410094,0.06295679519970052,0.038226301793385216,0.017557684730484257,0.007055199142228367,0.0025274609108469396,0.035941839568697925,0.010552824299136416,0.023628990887320456,0.001047502810959378,0.00022377845109617118,0.0013866026724363985,0.00033589648896644104,0.0018103630931215814,0.36637017165958036,0.11835180077585682,0.10682698173208183,1.0
50,51,2040205,0.0,58483800.0,349047900.00000006,186267600.0,101517300.0,42316199.99999999,3412800.0,297567900.0,9716400.0,198974700.00000003,2704500.0,2614500.0,18253799.999999996,5472000.0,271754100.0,264222900.0,86054400.0,59112899.99999999,1957493700.0,0.0,0.02987687776466407,0.17831367733137535,0.09515616831870263,0.0518608565636763,0.021617540838062464,0.0017434538869780271,0.15201474211641142,0.004963694136027105,0.10164768346380887,0.0013816136419749396,0.0013356364825082196,0.009325087483040173,0.0027954112955765834,0.13882757323816675,0.1349802045339916,0.043961520795699115,0.03019825810933644,1.0000000000000002
51,52,2070007,0.0,14116500.0,69270300.0,26237700.0,7820099.999999999,3107700.0,1542600.0,247650300.0,12615300.0,106269300.0,1038600.0,4689900.0,32400.0,246600.0,332916299.99999994,81218700.0,1520100.0,957600.0,911250000.0,0.0,0.015491358024691359,0.07601679012345679,0.028793086419753085,0.008581728395061727,0.0034103703703703705,0.0016928395061728396,0.2717698765432099,0.01384395061728395,0.11661925925925926,0.0011397530864197532,0.005146666666666667,3.555555555555555e-05,0.00027061728395061727,0.3653402469135802,0.08912888888888888,0.0016681481481481482,0.0010508641975308642,1.0
52,53,2070004,0.0,37320300.0,364024800.00000006,245288700.0,76096800.0,29406600.0,6831900.000000001,2116010699.9999998,83834100.0,674308800.0000001,14808600.000000002,30980700.0,81900.0,1529100.0,1359757800.0000002,828855900.0000001,18756900.0,10005300.0,5897898900.0,0.0,0.006327727998185931,0.061721098678039404,0.04158916660982439,0.012902357481916146,0.004985945079526541,0.0011583616667284686,0.3587736473407504,0.014214231444353853,0.11433034228511448,0.0025108263554670294,0.005252836734790418,1.388630110292328e-05,0.00025926181949304016,0.23054952671365733,0.14053409765976152,0.003180268146000265,0.0016964176852878913,1.0
53,54,2080102,0.0,422023500.0,89317799.99999999,13000500.0,3685500.0,862200.0,3605400.0,27325800.0,344250900.0,238301100.0,27068400.000000004,17696700.0,12671100.0,1582200.0,6421500.000000001,214871400.0,280286100.0,37125900.0,1740096000.0,0.0,0.24252886047666336,0.05132923700761336,0.007471139523336644,0.0021179865938430985,0.0004954899040052963,0.002071954650777888,0.015703616352201258,0.1978344298245614,0.13694709947037406,0.015555693478980472,0.010169956140350878,0.0072818396226415096,0.0009092601787487587,0.0036903136378682562,0.12348249751737835,0.1610750786163522,0.02133554700430321,0.9999999999999999
54,55,2070011,0.0,1212579900.0,291475800.0,121145400.0,47037600.0,12744900.0,10709100.0,753796800.0,199880100.0,910178999.9999999,29949299.999999996,27105300.0,20817000.0,5627700.0,142685100.0,462210300.0,385794000.0,43441200.0,4677178500.0,0.0,0.2592545698223833,0.06231872484661426,0.025901384777168544,0.01005683234026668,0.0027249120383154076,0.002289649625302947,0.16116485611998774,0.04273518746398069,0.1946000136620828,0.00640328351804405,0.005795224620997467,0.004450760217939084,0.0012032254060861693,0.030506661227490035,0.09882246315807704,0.08248434392657882,0.009287907228684986,1.0
55,56,2040203,0.0,46647900.0,659656800.0,361432800.0,196129800.0,94608000.0,29158200.0,1627094700.0,19850400.0,408623400.0,23124600.0,10710000.0,33711299.99999999,9903600.0,664898400.0000001,704777400.0,57127500.0,4115700.0,4951570500.0,0.0,0.009420829209641669,0.13322173237763654,0.0729935684042063,0.039609614767678256,0.019106665248934656,0.005888677137889888,0.3286017436286124,0.004008909900404326,0.08252399920388895,0.0046701546509334765,0.0021629501185532955,0.006808203579046283,0.002000092697862224,0.13428030561212853,0.14233411399474166,0.011537248636568943,0.0008311908312726235,0.9999999999999999
56,57,2050302,0.0,7173900.000000001,131725800.0,68238900.0,25209900.0,10013400.0,11638800.0,1505341799.9999998,59529600.0,206041500.0,11055600.0,8490600.0,81000.0,869400.0,215788499.99999997,300649500.0,2997000.0,1506600.0,2566351800.0,0.0,0.0027953688968129784,0.05132803694333723,0.026589846333616458,0.009823244030689791,0.003901803330315041,0.004535153754056634,0.5865687627082148,0.023196196250256883,0.0802857581723597,0.0043079050970330724,0.003308431836975741,3.156231347549467e-05,0.00033876883130364276,0.08408375656057754,0.11715054031173747,0.0011678055985933028,0.0005870590306442008,0.9999999999999999
57,58,2070006,0.0,8977500.000000002,125157600.0,43146000.0,9189000.0,2777400.0000000005,2583900.0,1067634000.0,87934500.0,502059599.99999994,8727299.999999998,14418000.0,0.0,468900.0,685212299.9999999,119183399.99999999,137700.0,108900.0,2677716000.0,0.0,0.0033526707089176007,0.04674043102405184,0.016112985843158872,0.003431655933638967,0.001037227248894207,0.0009649641709576371,0.3987106922466759,0.03283936758043049,0.18749546255092023,0.0032592328686089182,0.005384439574622551,0.0,0.00017511192374396688,0.2558943144082494,0.044509350506177645,5.1424422903698525e-05,4.0668988048023014e-05,1.0
58,59,2080201,0.0,27528300.0,175943699.99999997,46341000.0,10704600.0,2799900.0,4690800.0,3361838400.0,229806900.0,1240337699.9999998,57366900.0,44843400.0,25200.0,1232099.9999999998,504588600.00000006,17626500.0,1840500.0,1194300.0000000002,5728708800.0,0.0,0.0048053236708418485,0.03071262759943392,0.008089257390775387,0.001868588607610846,0.0004887488782812629,0.0008188232573455296,0.5868405110764227,0.0401149557470961,0.21651261100930802,0.010013931935238182,0.007827837225728771,4.398897007995938e-06,0.00021507464299808706,0.08808068582574839,0.0030768713536285875,0.00032127658504827475,0.00020847629748609324,1.0
59,60,2080202,0.0,5405400.0,87601500.0,31341600.0,5585400.0,1704600.0,498600.0,1001225699.9999999,116217900.0,463018500.0,11324700.0,15742800.0,900.0,349200.0,415044000.0,14182200.000000002,936900.0,648000.0,2170827900.0,0.0,0.0024900177485281077,0.0403539589665307,0.014437625387070066,0.0025729354224717674,0.0007852303722464595,0.000229681956823938,0.4612183674256259,0.05353621077009375,0.21329120562712503,0.005216765456165364,0.007251979763112497,4.1458836971829963e-07,0.00016086028745070026,0.19119157257929106,0.006533083530020967,0.0004315864928767499,0.00029850362619717575,1.0
60,61,2080203,0.0,43836300.0,229878900.0,96076800.0,25401600.0,9260100.0,7737299.999999999,2143053900.0,392921100.0,1038940200.0,255960000.0,226893600.0,1225800.0,5242500.000000001,710219699.9999999,34355699.99999999,17181900.0,2132100.0,5240317500.0,0.0,0.00836519924603805,0.04386736109023928,0.018334156279652902,0.004847339879692404,0.001767087585818989,0.0014764945062966126,0.40895497267102615,0.07498039956548434,0.19825901770264875,0.04884436868567601,0.0432976818675586,0.0002339171242963809,0.0010004164823982518,0.13552989871319818,0.00655603405709673,0.0032787898824832656,0.0004068646603951001,0.9999999999999999
61,62,2080207,0.0,53606700.0,238738500.0,86590799.99999999,36568800.0,10698300.0,7721100.000000001,780427800.0,644982300.0,1058247900.0000001,218500199.99999997,168259500.00000003,4850100.0,11730600.0,483800400.0,116273699.99999999,239523300.0,10196099.999999998,4170716100.0,0.0,0.012853116518767605,0.05724160894096819,0.02076161453425228,0.008767990705481008,0.0025650990725549503,0.0018512648223646777,0.18712081601526415,0.1546454576469494,0.25373290212680744,0.052389132887755166,0.04034307202065373,0.0011628938253553148,0.002812610525084649,0.11599936039760654,0.027878593798316788,0.0574297780661695,0.00244468809564861,0.9999999999999998
62,63,2070003,0.0,13016700.0,118835100.0,13986000.0,2843100.0,478800.0,2057400.0,2064656699.9999998,70070400.0,425880000.0,20907000.000000004,26203500.0,15300.0,503100.0,343733399.99999994,15757200.0,730800.0,521100.0,3120195599.9999995,0.0,0.004171757693652283,0.03808578539114664,0.0044824112949842,0.0009111928752159001,0.0001534519182066663,0.000659381738760224,0.6617074583401118,0.022457053653944008,0.1364914430364558,0.0067005414660542455,0.008398031200351671,4.903538739686705e-06,0.0001612398914991099,0.1101640550996226,0.005050068014966755,0.00023421608568385908,0.00016700876060462365,1.0000000000000002
63,64,2080208,0.0,208650600.0,158734800.0,184938300.0,100057500.0,44370000.0,8345699.999999999,15404400.0,79992899.99999999,55171800.0,10017000.0,4920300.0,6190200.0,3571200.0,3543300.0,145273500.0,253576800.00000003,26156700.0,1308915000.0,0.0,0.15940729535531337,0.121272045931172,0.14129129851823838,0.07644308453948499,0.03389830508474576,0.006376044280950252,0.01176883143672431,0.06111389968026953,0.042150789012273523,0.007652903358888851,0.0037590676247120708,0.004729260494378932,0.0027283666242651355,0.0027070512600130643,0.11098772647574517,0.19373053254031014,0.019983497782514525,1.0
64,65,2080101,0.0,3046545000.0,1177200.0,221400.0,165600.0,32400.0,22500.0,0.0,0.0,0.0,0.0,0.0,0.0,0.0,0.0,0.0,0.0,0.0,3048164100.0,0.0,0.9994688278101563,0.00038619967999754346,7.263388477018018e-05,5.432778373054128e-05,1.0629348990758077e-05,7.381492354693109e-06,0.0,0.0,0.0,0.0,0.0,0.0,0.0,0.0,0.0,0.0,0.0,1.0
