36.74004,-76.5843,60,0
36.740257,-76.579794,504,1
36.74097,-76.5779,70,2
36.74225,-76.57073,60,3
36.74271,-76.58527,60,4
36.743688,-76.573843,72,5
36.74747,-76.57391,70,6
36.76229,-76.56062,60,7
36.76987,-76.29605,5273,8
36.7783,-76.5472,72,9
36.77901,-76.54676,60,10
36.78983,-76.56788,60,11
36.79084,-76.56232,60,12
36.8056,-76.5589,72,13
36.8134,-76.2903,9157,14
36.82917,-76.39583,4783,15
36.83224,-76.56174,60,16
36.83611,-76.24444,6171,17
36.8375,-76.5483,72,18
36.83813,-76.54807,60,19
36.8407,-76.28911,6654,20
36.8432,-76.35939,4047,21
36.84833,-76.29806,9765,22
36.85138,-76.12708,33,23
36.8553,-76.0627,245,24
36.85555,-76.06388,27,25
36.85599899,-76.29419708,60,26
36.8567,-76.5483,72,27
36.85732,-76.12025,470,28
36.85862,-76.00945,29,29
36.85904,-76.0083,255,30
36.86556,-76.32899,5921,31
36.87333,-76.1075,33,32
36.87361,-76.10696,265,33
36.87598,-76.48317,70,34
36.87723,-76.00868,905,35
36.88,-76.01221,27,36
36.88237,-76.33883,8891,37
36.88548,-76.49579,60,38
36.8856,-76.4932,72,39
36.88651,-76.0746,275,40
36.88667,-76.07362,29,41
36.8894,-76.28144,4391,42
36.89079,-76.47109,50,43
36.893,-76.03778,27,44
36.89796,-76.08519,323,45
36.89964,-76.04625,599,46
36.9021,-76.0297,211,47
36.90444,-76.06928,25,48
36.90456,-76.33836,10596,49
36.90495,-76.45725,50,50
36.9056,-76.4569,72,51
36.90738,-76.09303,29,52
36.9082,-76.3146,4328,53
36.91327,-76.10056,319,54
36.91438,-76.07025,25,55
36.92375,-76.05175,277,56
36.92799,-76.1794,1236,57
36.92871,-76.20969,289,58
36.94737,-76.03494,13123,59
36.95486,-76.39275,12169,60
36.95707,-76.25215,305,61
36.99044,-76.47544,6342,62
36.9952984,-76.5824258,7,63
36.99542,-76.16772,9460,64
36.9957,-76.02048,16658,65
36.99667,-76.37698,1468,66
36.997357,-76.378853,52,67
36.99903,-76.31328,9285,68
37.00755,-76.29974,307,69
37.009306,-76.307083,36,70
37.0142,-76.2755,14,71
37.02014,-76.34401,281,72
37.02781,-76.4644,11,73
37.02821,-76.46536,162,74
37.0319,-76.38058,74,75
37.042988,-76.366555,48,76
37.04673,-76.49877,25,77
37.04684,-76.4991,24,78
37.04883,-76.5045,1304,79
37.05323,-76.50992,1502,80
37.05573,-76.28859,797,81
37.056,-76.59306,7665,82
37.06237,-75.99937,13613,83
37.07637,-76.34287,887,84
37.080639,-76.281278,48,85
37.0837,-76.2715,401,86
37.08725,-76.52171,26,87
37.095861,-76.294694,48,88
37.1091,-76.3184,84,89
37.10952,-76.31792,2318,90
37.11015,-76.293,7030,91
37.11203,-75.97255,836,92
37.1164,-76.3639,73,93
37.11681,-76.12521,15652,94
37.1192,-76.3915,71,95
37.11995,-76.55054,104,96
37.12372,-76.56867,144,97
37.1288,-76.3483,65,98
37.13467,-76.43044,85,99
37.13705,-76.3896,39,100
37.1408,-76.3639,74,101
37.1424,-76.37625,50,102
37.15095,-76.41615,792,103
37.17631,-75.99165,969,104
37.17681,-76.373,6345,105
37.17682,-76.373,636,106
37.1796,-76.4425,734,107
37.19409,-76.42587,85,108
37.20294,-76.78219,10427,109
37.20297,-76.64833,10987,110
37.20497,-76.43784,84,111
37.21335,-76.9173,1894,112
37.21722,-76.39222,9074,113
37.2239,-76.788613,61,114
37.22445,-77.47555,3714,115
37.22727,-76.4228,891,116
37.22775,-76.79147,2756,117
37.22875,-76.05383,17830,118
37.2313,-76.01421,586,119
37.233842,-77.412567,71,120
37.23392,-76.43094,9274,121
37.23653,-76.20799,13053,122
37.237651,-76.768367,65,123
37.23822,-77.38718,843,124
37.239145,-76.664161,23,125
37.2398,-76.87915,2418,126
37.2408,-76.6916,21,127
37.24181,-76.38634,13937,128
37.24432,-76.5243,1639,129
37.2452068,-76.5026,18,130
37.24611,-76.75266,108,131
37.24828,-76.49651,17200,132
37.25432,-76.87118,751,133
37.25818,-76.38902,971,134
37.264742,-76.874715,59,135
37.27272,-76.99057,8330,136
37.27512,-77.05833,969,137
37.27932,-77.35838,916,138
37.282,-76.7413,88,139
37.28389,-77.86833,1401,140
37.29044,-76.57811,11059,141
37.29657,-76.56287,745,142
37.30001,-76.53142,45,143
37.30047,-76.60819,678,144
37.30165,-77.1284,7546,145
37.30396,-76.01815,2312,146
37.30734,-78.389257,117,147
37.307397,-78.388979,58,148
37.3074,-78.38897,2113,149
37.30827,-77.35618,943,150
37.308483,-80.420767,176,151
37.3092,-76.2723,916,152
37.31033,-77.30412,2234,153
37.311187,-77.297991,60,154
37.31181,-76.34634,7566,155
37.3123,-76.87672,5375,156
37.3124,-77.29133,6342,157
37.31265,-77.23283,7914,158
37.314306,-80.408306,4,159
37.315154,-80.39484,189,160
37.315222,-80.401417,113,161
37.316523,-77.273569,67,162
37.3187,-77.4869,56,163
37.32313,-76.4493,1135,164
37.32493,-76.39478,699,165
37.3252,-77.2044,2669,166
37.32686,-75.98868,565,167
37.32776,-76.02228,447,168
37.3306,-77.7275,166,169
37.33817,-76.28293,1840,170
37.3425,-76.8727,801,171
37.34708,-76.61165,10331,172
37.3579,-76.33277,1528,173
37.3631,-77.3091,216,174
37.36393,-76.28172,1872,175
37.3682,-77.5187,18,176
37.36905,-76.48522,27,177
37.37323,-76.89937,2614,178
37.3734,-77.4246,78,179
37.3749,-77.3605,97,180
37.3789,-77.34747,924,181
37.37997,-76.43552,1720,182
37.38199,-77.25069,943,183
37.3837,-77.6666,160,184
37.383768,-77.498854,60,185
37.3839,-77.4526,41,186
37.38733,-76.39373,693,187
37.3888,-77.5752,18,188
37.389118,-79.199409,9,189
37.3898,-77.5759,18,190
37.3904139,-76.2752188,20,191
37.3915,-77.6994,160,192
37.39653,-76.47943,1045,193
37.40098,-77.387,2221,194
37.40173,-76.34297,761,195
37.40235,-77.38779,179,196
37.4029071,-76.3463915,26,197
37.40308,-76.48952,51,198
37.4031,-77.39272,7488,199
37.404078,-77.391027,32,200
37.40595,-76.93758,1354,201
37.4066902,-76.6599295,28,202
37.4070413,-76.6481492,75,203
37.4073,-77.6441,175,204
37.40815,-77.3031,71,205
37.4086,-77.7132,112,206
37.4093,-77.6433,90,207
37.40961,-75.96733,2421,208
37.4098,-77.6165,156,209
37.411,-77.6966,16,210
37.4111,-78.4125,10,211
37.41153,-76.15966,13692,212
37.41153,-76.07966,17390,213
37.41153,-76.02466,12126,214
37.41497,-76.71441,10753,215
37.41605,-79.13675,62,216
37.41742,-76.70888,667,217
37.4188,-77.4826,30,218
37.41883,-76.69125,7296,219
37.419603,-79.223732,62,220
37.419912,-76.97541,218,221
37.42075,-76.44422,751,222
37.422899,-77.395419,4,223
37.4234,-77.7258,67,224
37.42415,-76.24498,1019,225
37.4281,-78.4321,10,226
37.4291,-78.4541,15,227
37.43,-77.06,2286,228
37.43458,-75.94091,617,229
37.4416,-77.7119,103,230
37.44191,-77.56483,154,231
37.4435,-77.5221,60,232
37.4444,-77.6539,11,233
37.4473,-77.739,78,234
37.44776,-75.98625,557,235
37.45,-77.41883,7004,236
37.4542,-77.5804,236,237
37.457,-77.60006,104,238
37.4584,-77.6144,84,239
37.45847,-77.48428,64,240
37.4587,-77.4777,54,241
37.459,-77.4749,100,242
37.4591,-77.4834,70,243
37.4622,-77.4683,130,244
37.464742,-77.499082,16,245
37.465033,-77.500104,8,246
37.46815,-77.50624,131,247
37.468728,-79.210095,40,248
37.46921,-77.45798,131,249
37.4694,-77.5466,161,250
37.47634,-77.6302,18,251
37.4771,-77.7126,30,252
37.47825,-77.63507,18,253
37.4796,-77.6884,45,254
37.4824901,-76.4582484,23,255
37.483283,-80.437078,20,256
37.4849,-77.6669,135,257
37.4854,-77.4732,141,258
37.4865,-77.6403,29,259
37.4868,-76.15633,13116,260
37.4877,-77.6637,163,261
37.48865,-76.74903,786,262
37.491,-77.5754,131,263
37.4914,-77.541,17,264
37.4917,-77.6429,30,265
37.4923795,-76.3098561,26,266
37.4927111,-77.7768892,21,267
37.497,-77.6451,147,268
37.49701,-77.43906,31,269
37.50465,-76.79252,899,270
37.50617,-76.33265,1263,271
37.50662,-76.27492,1180,272
37.50667,-77.4016,39,273
37.506684,-77.4111,10,274
37.50686,-77.5043,393,275
37.50869,-76.78889,5215,276
37.51261,-77.48008,363,277
37.51377,-76.42438,426,278
37.5139,-77.48058,97,279
37.5142,-77.5493,157,280
37.51467,-77.47456,283,281
37.5147872,-77.4839271,411,282
37.51483,-77.48533,164,283
37.518597,-77.416635,62,284
37.5191,-77.6849,60,285
37.522728,-77.416358,36,286
37.52291,-75.95171,852,287
37.5231,-77.5832,108,288
37.524391,-77.469575,74,289
37.5246,-77.4686,229,290
37.52564,-76.86761,4624,291
37.52577,-77.42113,176,292
37.52586,-77.43108,6,293
37.52592,-76.86558,126,294
37.52645,-77.41303,706,295
37.52677,-77.475694,69,296
37.5271,-77.5643,189,297
37.5278854,-77.3928452,40,298
37.52828,-77.39319,40,299
37.529933,-79.679078,58,300
37.5305,-77.434,1969,301
37.53069,-76.30661,7639,302
37.530947,-77.431925,75,303
37.53142,-77.4837,3514,304
37.53407,-76.48782,1639,305
37.534353,-77.445372,73,306
37.53582,-76.35573,490,307
37.53619,-77.4788,26,308
37.53653,-78.82918,15,309
37.53772,-76.81248,102,310
37.53783,-76.78458,103,311
37.540124,-77.295608,6,312
37.543154,-77.545544,26,313
37.543524,-77.388591,6,314
37.54424,-77.36193,188,315
37.551591,-77.520421,69,316
37.5518,-77.6633,13,317
37.55197,-77.271146,50,318
37.55267,-76.95792,155,319
37.5543,-77.604,147,320
37.55546,-79.36701,2589,321
37.555637,-77.394187,16,322
37.55611111,-76.53305556,24,323
37.55613,-75.84143,906,324
37.55641,-75.91551,2726,325
37.55893,-77.53839,25,326
37.559211,-77.646665,45,327
37.55988,-76.86092,140,328
37.5604,-77.5453,304,329
37.5605011,-76.57189941,184,330
37.56054,-77.545782,68,331
37.56158,-77.54381,79,332
37.5619,-77.6532,60,333
37.56502,-76.92776,137,334
37.56677,-76.54648,411,335
37.56776,-77.53653,11,336
37.56807,-77.53628,31,337
37.5694,-78.6595,40,338
37.569782,-77.405588,8,339
37.57125,-76.79715,10441,340
37.57138,-76.88424,7416,341
37.57552,-76.79768,483,342
37.57678,-77.02345,9809,343
37.57999,-77.02128,5699,344
37.58124,-76.05799,13248,345
37.585347,-78.647194,55,346
37.58555556,-76.60305556,142,347
37.586301,-77.549689,18,348
37.58847,-76.16216,14651,349
37.58861,-77.49361,201,350
37.58885,-79.29205,4,351
37.59248,-76.41168,579,352
37.59365,-77.46709,173,353
37.5943959,-77.4640283,30,354
37.59652,-77.08155,113,355
37.5968,-76.28467,9721,356
37.596892,-77.469106,14,357
37.59697,-77.46902,229,358
37.597022,-78.636904,43,359
37.597203,-77.473774,17,360
37.597255,-77.473902,260,361
37.59832,-77.46803,295,362
37.59866,-77.4263,136,363
37.598688,-77.4265,10,364
37.598862,-77.465087,31,365
37.59963,-77.48641,218,366
37.60152,-76.82035,121,367
37.60234,-77.6063,54,368
37.60303,-77.45975,208,369
37.6057,-77.5455,625,370
37.60772,-77.46539,23,371
37.60925,-77.5853,95,372
37.6117,-77.6417,119,373
37.61415,-76.32025,1075,374
37.6146,-77.4567,267,375
37.61688,-76.86425,125,376
37.6179,-77.989833,80,377
37.62083,-76.54645,1986,378
37.6218822,-77.46326,85,379
37.6224,-77.5863,41,380
37.62336,-77.6507,34,381
37.62339,-77.47886,442,382
37.6244,-77.9831,66,383
37.6251,-77.4942,31,384
37.62647,-77.12397,121,385
37.62927,-77.4768,109,386
37.63028,-77.5138,38,387
37.630694,-77.604132,42,388
37.6307036,-79.5481695,21,389
37.630797,-77.478803,4,390
37.63189,-76.44486,10194,391
37.632049,-77.649008,17,392
37.6323,-76.33778,440,393
37.633166,-77.625863,70,394
37.63361,-76.69583,1477,395
37.63404,-77.58027,178,396
37.63422,-76.6964,767,397
37.63453,-78.90417,259,398
37.63527778,-76.69638889,144,399
37.636111,-78.7201,39,400
37.63759,-77.47739,99,401
37.6377352,-77.4774313,12,402
37.640907,-78.691147,39,403
37.641087,-77.649435,15,404
37.64549,-76.29562,887,405
37.64886,-77.49663,48,406
37.648866,-77.496569,31,407
37.65274,-77.31035,509,408
37.65687,-76.88465,108,409
37.6573,-76.48955,786,410
37.65998,-77.57763,43,411
37.661967,-78.71965,60,412
37.6623,-76.53913,601,413
37.6652,-77.886667,128,414
37.66608,-75.802,658,415
37.6661,-77.888811,62,416
37.66633,-76.90628,126,417
37.668611,-78.699167,30,418
37.66875,-77.1414,160,419
37.66914,-76.55047,9431,420
37.66996,-76.34563,513,421
37.6707494,-77.5477697,9,422
37.67076,-77.54777,100,423
37.67111,-78.0858,3889,424
37.67443,-77.5481,81,425
37.674833,-78.733717,49,426
37.67531,-75.85221,640,427
37.67835,-76.32758,2679,428
37.6802779,-77.4550473,81,429
37.68346,-75.98966,15084,430
37.6848629,-77.4492107,58,431
37.687656,-78.692628,50,432
37.68842,-76.47442,6041,433
37.68855,-77.5777,69,434
37.68863,-76.93535,112,435
37.6918,-76.18967,17001,436
37.694915,-76.499748,98,437
37.69638889,-76.72722222,148,438
37.69735,-76.46817,2500,439
37.69849,-76.29126,1243,440
37.70242,-76.9715,104,441
37.7025,-79.0275,470,442
37.71218,-75.7633,916,443
37.7173,-76.55995,552,444
37.71793,-75.86656,464,445
37.719205,-78.776884,123,446
37.7228,-77.02566,4476,447
37.72288,-77.01959,440,448
37.72368,-75.7886,2025,449
37.72515,-76.59703,640,450
37.72887,-76.42558,733,451
37.73362,-76.32336,2233,452
37.7425,-79.5066,19,453
37.74677,-76.50003,661,454
37.74999,-77.07198,79,455
37.75222,-79.39195,1456,456
37.753461,-79.392316,32,457
37.75357,-77.48936,87,458
37.7568,-79.5431,20,459
37.75925,-76.61592,6602,460
37.7598,-77.61262,189,461
37.759823,-78.795307,180,462
37.76188,-75.77816,945,463
37.7626,-79.54902,20,464
37.763128,-78.785505,180,465
37.7645,-77.64133,586,466
37.7675,-77.3325,3899,467
37.77177,-77.65819,36,468
37.77513,-75.97466,18384,469
37.77571,-76.27798,732,470
37.777397,-78.794247,140,471
37.7847655,-79.4499301,26,472
37.788696,-77.370077,78,473
37.790524,-78.796783,145,474
37.79062,-75.70774,1763,475
37.7911072,-76.3313772,41,476
37.79439,-76.32333,800,477
37.79652,-75.84438,19736,478
37.797533,-78.49055,66,479
37.7998768,-77.4235976,57,480
37.80013,-76.17466,25412,481
37.8001956,-76.3507398,28,482
37.802577,-77.575795,4,483
37.80541,-78.805339,195,484
37.80833,-76.71333,488,485
37.81158,-76.71195,5133,486
37.81339,-76.29426,637,487
37.81347,-76.29467,5465,488
37.816531,-78.797357,195,489
37.81786,-76.30802,1971,490
37.821667,-77.845278,86,491
37.82195,-76.75027,1820,492
37.830574,-78.848191,190,493
37.835674,-78.835211,190,494
37.83912,-76.2799,916,495
37.84436,-75.7606,539,496
37.85014,-77.42776,2343,497
37.85067,-76.34405,1123,498
37.85352,-76.24205,1072,499
37.85362,-75.67551,759,500
37.857763,-78.26679,41,501
37.85806,-78.26695,1768,502
37.861389,-78.861944,90,503
37.86394,-75.73718,907,504
37.86769,-76.39854,949,505
37.87110901,-76.43110657,91,506
37.87292,-77.51331,1478,507
37.874,-79.379,53,508
37.8750643,-76.441372,94,509
37.8757,-76.76483,649,510
37.877,-75.80904,511,511
37.87844,-76.4399417,95,512
37.87984722,-76.73956389,134,513
37.8805,-78.8979,70,514
37.88137,-78.91967,10,515
37.8825,-78.8879,65,516
37.8828,-79.3859,69,517
37.883413,-78.885806,5,518
37.88389,-77.16528,3941,519
37.884882,-78.89889,109,520
37.8860358,-76.7362806,928,521
37.891936,-78.935109,105,522
37.89281,-79.2131,5,523
37.89288,-76.25698,901,524
37.89401,-76.29806,1055,525
37.894617,-78.97345,65,526
37.895188,-78.973173,133,527
37.900652,-78.972298,30,528
37.90179,-75.68497,890,529
37.90277,-78.9682,188,530
37.9080349,-77.2992656,36,531
37.9080694,-79.4265595,25,532
37.90846,-75.79132,4896,533
37.90987,-75.78915,566,534
37.91011,-76.17137,22273,535
37.911234,-79.40021,24,536
37.9129344,-76.6573787,1234,537
37.91455,-75.80148,4592,538
37.9173,-76.8222,6093,539
37.91871,-78.29769,41,540
37.9205,-78.9879,189,541
37.92197,-75.78777,486,542
37.9236345,-76.7206799,1060,543
37.925606,-79.387617,26,544
37.9260343,-76.7090797,1060,545
37.9262344,-76.7199799,1230,546
37.929722,-75.775,33,547
37.929987,-78.979478,5,548
37.93178,-75.72792,838,549
37.93414,-79.34192,20,550
37.93561,-75.65189,1548,551
37.944862,-78.964713,190,552
37.9483,-76.3283,505,553
37.949615,-79.460144,60,554
37.949688,-79.459572,60,555
37.95025,-75.77557,443,556
37.9508,-79.29895,7,557
37.955,-76.48378,843,558
37.95535,-75.69052,370,559
37.956917,-75.665003,18,560
37.9581,-76.48242,9,561
37.96028,-77.34361,1421,562
37.96395,-75.65047,2425,563
37.964,-76.8556,698,564
37.966452,-78.955626,219,565
37.967042,-78.956641,168,566
37.97,-79.67,5,567
37.97073,-75.71487,344,568
37.971351,-78.964351,151,569
37.971389,-79.009722,107,570
37.97444444,-76.85388889,67,571
37.97616,-78.86233,10,572
37.9765,-75.64295,1341,573
37.979583,-75.637114,81,574
37.980752,-78.953412,220,575
37.98111,-75.6375,178,576
37.98139,-75.92423,15707,577
37.9824,-79.55068,63,578
37.9824,-79.23625,29,579
37.98388889,-76.80944444,168,580
37.984722,-77.766944,553,581
37.98717,-79.49408,1448,582
37.98777,-75.62792,677,583
37.99002,-76.46122,274,584
37.994167,-77.754167,424,585
37.995833,-77.733056,404,586
38.00368,-78.50852,38,587
38.004314,-79.53656,60,588
38.0056,-76.4679,100,589
38.009722,-77.788889,471,590
38.01004,-78.2917,13,591
38.01015,-78.51667,39,592
38.010583,-77.716111,171,593
38.013481,-78.98915,204,594
38.01674,-78.49583,54,595
38.016846,-78.4958,51,596
38.01847,-76.90928,6543,597
38.021389,-77.775833,398,598
38.0215,-76.3477,20357,599
38.02335,-78.45388,115,600
38.025278,-77.806944,545,601
38.026184,-79.06562,145,602
38.026304,-79.071196,10,603
38.026649,-78.51153,41,604
38.027889,-78.50507,44,605
38.0279,-77.2329,74,606
38.028026,-78.46503,47,607
38.028144,-78.51308,31,608
38.028302,-78.51308,30,609
38.028377,-78.50315,43,610
38.02855,-76.5509,2221,611
38.028551,-78.514349,16,612
38.029619,-78.512842,16,613
38.031944,-77.7375,421,614
38.033,-76.3355,4069,615
38.033611,-77.795833,417,616
38.03373,-75.82832,375,617
38.0348,-76.5012,249,618
38.037222,-75.924444,135,619
38.03765,-76.52498,419,620
38.03916667,-76.8275,160,621
38.03972,-75.66084,1836,622
38.041788,-78.47528,39,623
38.042334,-78.466174,16,624
38.0443,-76.3334,655,625
38.045668,-78.4513,117,626
38.046887,-78.50498,46,627
38.05056,-77.78389,487,628
38.0525,-75.87,36,629
38.053,-75.79975,689,630
38.053611,-77.841389,388,631
38.053611,-77.765555,184,632
38.054943,-78.49413,50,633
38.055,-75.80167,6913,634
38.05722,-78.90806,1532,635
38.0595,-76.444,1304,636
38.063055,-77.831944,395,637
38.063611,-77.849722,298,638
38.063705,-78.47585,45,639
38.06518,-75.84343,442,640
38.06728,-77.38464,38,641
38.06853,-79.52718,173,642
38.06928,-76.32834,399,643
38.069722,-77.7875,460,644
38.06986,-79.89764,1432,645
38.075833,-75.783889,33,646
38.07614,-75.57125,7075,647
38.07695,-77.38472,1948,648
38.08072,-76.96395,1499,649
38.08138889,-76.84611111,159,650
38.081942,-77.8227,65,651
38.0831,-79.57368,9,652
38.083213,-79.574201,15,653
38.08592,-75.55928,2005,654
38.086111,-77.815277,262,655
38.0867,-76.4483,836,656
38.087083,-77.783861,348,657
38.088111,-77.901194,395,658
38.08816,-77.90111,31,659
38.08977,-75.77737,355,660
38.0905,-76.5227,321,661
38.09341,-79.5687,29,662
38.0942,-79.56992,30,663
38.096,-77.96222,21,664
38.096111,-77.814444,467,665
38.098056,-75.881667,75,666
38.10269,-78.59293,1450,667
38.102717,-77.861664,128,668
38.10398,-76.71592,877,669
38.1055,-75.85467,670,670
38.10709,-78.03813,259,671
38.109722,-77.838055,487,672
38.1106,-76.5785,787,673
38.11082,-76.64082,923,674
38.11183,-76.44334,562,675
38.111944,-77.942222,339,676
38.111944,-77.886389,159,677
38.11295,-77.05482,5732,678
38.1135,-76.4285,264,679
38.11488,-78.01012,336,680
38.115,-76.5283,1134,681
38.11522,-78.00257,205,682
38.11827,-76.635814,71,683
38.118611,-77.954167,83,684
38.11915,-75.49705,608,685
38.119444,-77.945556,147,686
38.12,-76.41,410,687
38.120278,-75.908889,63,688
38.1222,-77.9847,149,689
38.12348,-76.34307,283,690
38.126737,-76.6548027,37,691
38.12785,-79.49928,169,692
38.1293,-78.723823,9,693
38.1311,-76.4934,2667,694
38.1316,-76.71618,1764,695
38.1316,-75.89522,449,696
38.132222,-77.8575,414,697
38.1355,-75.751,1236,698
38.13684,-79.49133,174,699
38.13705,-76.22787,27817,700
38.1378,-76.5058,1344,701
38.13794,-75.81411,6843,702
38.138367,-79.430133,69,703
38.138889,-77.895,226,704
38.13902,-78.00667,175,705
38.141667,-77.929722,322,706
38.143611,-77.855555,371,707
38.14825,-75.28622,215,708
38.148333,-77.892778,278,709
38.151,-76.4495,1370,710
38.15212,-76.64825,487,711
38.15412,-75.75925,227,712
38.1543,-76.6659,196,713
38.1576,-76.598,18487,714
38.15796,-79.47326,174,715
38.15818,-76.71787,512,716
38.1588,-76.7368,212,717
38.16239,-76.40046,46,718
38.16278,-77.90694,260,719
38.16517,-76.52,74,720
38.16567,-76.41766,127,721
38.1657,-76.4177,699,722
38.16583,-76.50133,47,723
38.166,-76.521,472,724
38.16667,-76.575,158,725
38.16906,-79.46398,85,726
38.1715,-76.7656,344,727
38.1744,-76.8056,799,728
38.17458,-77.602,1434,729
38.17467,-77.18661,6902,730
38.175,-75.72361,2695,731
38.17553,-77.18786,519,732
38.1789,-75.39403,1347,733
38.18525,-79.39462,85,734
38.18543,-77.24062,1993,735
38.188056,-76.438889,276,736
38.18867,-76.43984,223,737
38.1887,-76.4398,1266,738
38.1889,-76.2653,93,739
38.1893,-76.4339,628,740
38.1894,-76.6556,945,741
38.1896,-76.7231,640,742
38.1902,-77.201,293,743
38.19035,-79.42254,90,744
38.194288,-79.692486,213,745
38.19528,-79.57072,1463,746
38.19685,-75.97321,13557,747
38.197188,-79.68974,219,748
38.20167,-76.41917,46,749
38.20305,-79.25378,1,750
38.20449829,-77.45950317,6,751
38.20461,-79.14644,185,752
38.2047463,-77.0008643,39,753
38.20549,-79.13815,45,754
38.20855,-75.80458,2189,755
38.2092,-76.596,764,756
38.21017,-76.46567,291,757
38.2103,-79.3684,15,758
38.21032,-76.14286,465,759
38.21255,-76.97378,782,760
38.21389,-75.67139,1601,761
38.22066,-76.48967,46,762
38.220944,-79.144206,214,763
38.2216,-76.95442,853,764
38.222944,-75.881133,70,765
38.2238,-79.3606,20,766
38.22434,-76.45533,47,767
38.2246,-76.6732,753,768
38.2261,-75.8395,395,769
38.22682,-77.98037,147,770
38.2272,-76.7247,622,771
38.22933,-76.42883,44,772
38.2305,-79.3447,20,773
38.23067,-76.465,46,774
38.23197,-76.96372,2794,775
38.23334,-79.34763,220,776
38.23379,-75.86963,2694,777
38.23575,-76.851,103,778
38.23637,-77.97138,143,779
38.23672,-76.5009,47,780
38.23858,-76.03598,107,781
38.2415,-76.9503,590,782
38.24166,-76.5035,47,783
38.24426,-79.33488,145,784
38.24461,-77.32508,373,785
38.24469,-77.32508,4570,786
38.24628,-77.23344,4630,787
38.24675,-75.96413,62,788
38.2518,-77.4911,234,789
38.25217,-76.53267,45,790
38.252222,-75.835,58,791
38.2525,-76.54134,47,792
38.25267,-76.50684,47,793
38.2535,-75.8324,472,794
38.2565,-76.1743,799,795
38.2566,-77.4158,36,796
38.257778,-76.713056,83,797
38.258294,-77.339088,35,798
38.259,-76.6713,1695,799
38.25951,-75.91222,213,800
38.26031,-79.37106,224,801
38.263611,-76.649444,60,802
38.26552,-75.94332,327,803
38.266944,-76.150833,23,804
38.26703,-79.73886,20,805
38.26713,-75.79512,1204,806
38.26762772,-77.50488281,35,807
38.26783,-75.78793,7153,808
38.26918,-79.73747,19,809
38.26953,-77.42897,2782,810
38.26955,-79.73185,20,811
38.26988,-75.91052,358,812
38.2712,-75.9092,327,813
38.27267,-76.512,47,814
38.27273,-77.0105,637,815
38.27315,-77.53598,30,816
38.2746,-76.1114,502,817
38.27493,-79.38364,119,818
38.2751,-79.1991,10,819
38.27592,-79.33541,176,820
38.276,-76.7095,797,821
38.27618,-79.31866,117,822
38.276667,-76.824167,81,823
38.278173,-79.297023,111,824
38.27917,-76.51334,47,825
38.279417,-79.293817,155,826
38.27945,-79.29465,1,827
38.27963,-77.499828,18,828
38.27985,-78.34084,1411,829
38.28093,-76.01033,7707,830
38.28133,-76.51717,46,831
38.28307,-79.32193,97,832
38.284709,-79.237875,20,833
38.28559113,-77.49178314,35,834
38.2859,-76.83,444,835
38.28655,-79.236917,93,836
38.2886,-79.2235,110,837
38.28879,-79.45846,44,838
38.2891,-79.45862,44,839
38.2898,-77.4816,569,840
38.2903,-76.1548,1331,841
38.290616,-76.848728,64,842
38.29109955,-77.50589752,236,843
38.29134,-79.34538,79,844
38.291747,-76.846396,35,845
38.29230118,-77.45659637,17,846
38.29327,-79.23459,67,847
38.29335,-79.23998,50,848
38.29438,-75.9315,68,849
38.2965,-77.45317,555,850
38.2966,-75.7585,681,851
38.30003,-76.00557,222,852
38.30410004,-77.49259949,184,853
38.3054,-76.9239,1014,854
38.30791,-79.36073,56,855
38.309539,-79.359504,63,856
38.3096,-75.8929,526,857
38.312,-76.42151,12361,858
38.3129,-78.77003,2754,859
38.313611,-77.540556,244,860
38.31555,-76.04472,88,861
38.3167,-76.4526,308,862
38.31697,-77.05922,593,863
38.3182,-75.88857,558,864
38.3187,-76.29215,28318,865
38.3188,-77.4859,199,866
38.3191,-76.2196,806,867
38.320059,-75.859137,570,868
38.321111,-77.488889,243,869
38.32236,-77.51806,3871,870
38.32522,-76.37574,10478,871
38.3255,-76.866,868,872
38.3267,-75.8665,1338,873
38.327,-77.5822,16,874
38.3307,-78.10216,1405,875
38.3318,-77.5071,146,876
38.334248,-79.23894,5,877
38.336944,-76.198056,57,878
38.337178,-75.9841,38,879
38.3383,-77.27,547,880
38.3398,-76.4849,14521,881
38.33997,-79.38925,5,882
38.34,-77.29,321,883
38.34133,-75.88834,5761,884
38.34153,-75.69569,1982,885
38.3422,-75.6892,1354,886
38.343494,-77.1682215,161,887
38.3436,-77.30485,1044,888
38.3438051,-77.170389,127,889
38.3473,-77.5822,41,890
38.3475,-77.3275,1066,891
38.3476637,-77.1578686,160,892
38.348611,-77.580556,63,893
38.3519,-75.6198,672,894
38.3523,-76.1862,403,895
38.3525,-77.2051,11459,896
38.35722,-75.85513,447,897
38.3591,-77.6354,96,898
38.3626,-76.99063,21625,899
38.362714,-79.17141,5,900
38.3638905,-77.1422058,140,901
38.364567,-79.161917,41,902
38.36497,-77.97708,2671,903
38.3664,-75.7722,531,904
38.3715,-76.29317,409,905
38.37887,-76.51132,14252,906
38.396,-76.9891,1562,907
38.4,-77.32,274,908
38.4016,-75.7905,886,909
38.4035,-77.2691,7307,910
38.4084,-77.1103,817,911
38.4088,-76.5218,917,912
38.4106,-75.7544,1078,913
38.4142,-77.0391,524,914
38.41457,-76.34565,27767,915
38.41505,-75.85,471,916
38.4152,-75.85,734,917
38.41722,-75.99361,1425,918
38.4205,-77.3532,614,919
38.422793,-78.374048,20,920
38.42305,-77.35528,1316,921
38.42312,-78.372267,20,922
38.42535,-76.60176,11764,923
38.440201,-79.136333,15,924
38.44037,-75.82168,579,925
38.44167,-75.90556,1319,926
38.4417,-77.3083,521,927
38.445705,-77.379232,96,928
38.44627,-79.105538,64,929
38.44778,-77.38811,99,930
38.4478,-77.39237,131,931
38.44902,-75.13245,1503,932
38.44946,-77.38381,132,933
38.45083,-77.383403,66,934
38.4555,-75.7569,826,935
38.457625,-77.382565,94,936
38.459693,-77.2694645,29,937
38.464202,-77.3873577,74,938
38.46556,-76.00056,1279,939
38.4691169,-77.263728,29,940
38.4697,-77.0371,524,941
38.46978,-77.27277,904,942
38.47066,-77.385517,94,943
38.473396,-79.146968,53,944
38.47493,-77.77254,28,945
38.47963,-77.02748,478,946
38.48135,-75.8244,1494,947
38.48161,-75.88352,458,948
38.4828,-75.8232,1710,949
38.48375,-75.82098,1276,950
38.48667,-77.96056,1634,951
38.4909,-76.66429,11345,952
38.5,-77.31,723,953
38.5023,-76.2708,461,954
38.50815,-77.76401,29,955
38.50867,-75.76185,739,956
38.5104,-76.6773,262,957
38.5124,-75.7561,1350,958
38.51269,-75.96834,489,959
38.513,-75.968,421,960
38.5134,-75.8796,328,961
38.51596,-79.052801,133,962
38.51675,-76.0808,614,963
38.5253,-78.3494,6,964
38.5253,-76.664,147,965
38.52609,-76.30408,11525,966
38.5283,-76.1791,497,967
38.52889,-77.82027,1990,968
38.52912,-77.75145,29,969
38.53,-77.28,1501,970
38.5301,-77.2654,11125,971
38.53012,-77.81361,72,972
38.5357,-76.5288,50,973
38.5388,-78.3483,6,974
38.53933,-75.72613,1329,975
38.5427,-76.25588,844,976
38.545,-75.7627,1442,977
38.5456,-75.7175,695,978
38.54619,-76.08297,542,979
38.547028,-79.065193,76,980
38.54833,-75.70306,6350,981
38.5508,-75.9528,215,982
38.5525,-76.2125,85,983
38.5546,-75.5394,130,984
38.55495,-75.53978,466,985
38.555,-75.936,407,986
38.55505,-76.42794,25587,987
38.55624,-76.39121,15483,988
38.5563,-76.4147,5146,989
38.55728,-76.49402,7390,990
38.5583,-75.5696,831,991
38.55925,-77.1887,2807,992
38.5601,-76.294,371,993
38.5605,-76.6605,64,994
38.5645,-75.6723,888,995
38.56508,-77.19345,4023,996
38.5659,-77.329,10,997
38.566,-77.3244,9,998
38.5661,-77.3097,13,999
38.56651,-77.75789,29,1000
38.5674,-75.6211,607,1001
38.56752,-77.556977,2,1002
38.56752,-77.36497,12,1003
38.5676,-77.3346,10,1004
38.5686,-77.3359,10,1005
38.569886,-79.095235,135,1006
38.57467,-77.771,23,1007
38.57635,-76.35187,678,1008
38.5807,-76.0587,15106,1009
38.58211,-76.68101,6788,1010
38.58217,-76.18211,982,1011
38.58722,-77.42889,1529,1012
38.58852,-77.11865,2689,1013
38.59017,-77.16063,1449,1014
38.5933,-76.2883,542,1015
38.5935,-76.1288,1589,1016
38.5958,-77.299,7,1017
38.59621,-77.05609,1148,1018
38.59856,-75.98742,82,1019
38.6,-77.257,106,1020
38.6,-77.25694,76,1021
38.6,-77.25692,2602,1022
38.6013,-75.6563,886,1023
38.607308,-77.32994,15,1024
38.6082,-77.1739,11904,1025
38.6096,-77.343,6,1026
38.6113,-77.3451,7,1027
38.6159,-76.2234,417,1028
38.6209,-77.2758,12,1029
38.6226,-75.9912,1250,1030
38.6245,-76.2688,458,1031
38.6263,-76.6768,275,1032
38.6313,-76.1469,1254,1033
38.63153,-76.138333,369,1034
38.6336,-75.6177,629,1035
38.63656,-77.62573,96,1036
38.64028,-77.22222,1919,1037
38.6414,-76.3023,623,1038
38.6415,-76.1111,584,1039
38.6416,-77.5116,21,1040
38.6417,-77.5846,13,1041
38.64214,-75.96519,106,1042
38.6422,-75.6068,502,1043
38.6428,-76.178,1671,1044
38.643,-75.5929,601,1045
38.64354,-76.50217,7231,1046
38.644607,-75.579428,578,1047
38.6447,-77.5756,14,1048
38.64498,-76.40131,8335,1049
38.64618,-76.42127,25544,1050
38.6486,-77.5879,14,1051
38.6496,-77.6005,14,1052
38.6549,-76.2643,12039,1053
38.6554,-77.4534,7,1054
38.6559,-77.2321,23,1055
38.65845,-76.68381,8130,1056
38.66,-77.23,407,1057
38.661366,-78.92325,80,1058
38.6647,-75.5639,512,1059
38.665,-77.13805,7,1060
38.6659,-75.5146,495,1061
38.6688,-77.5381,14,1062
38.66993,-77.11513,1136,1063
38.67,-77.14,499,1064
38.6758,-77.1663,451,1065
38.67589,-77.16642,718,1066
38.67606,-77.166946,25,1067
38.6797,-76.3173,406,1068
38.68028,-77.16917,1231,1069
38.6821,-76.2252,536,1070
38.684433,-78.934533,90,1071
38.6863,-76.6958,104,1072
38.6871,-75.5481,465,1073
38.6873,-77.4913,15,1074
38.6882,-75.7701,701,1075
38.68838,-76.52252,474,1076
38.69067,-77.11111,8226,1077
38.6914,-75.9742,612,1078
38.6916,-75.5995,381,1079
38.69345,-78.6428,1850,1080
38.6941,-78.2588,6,1081
38.69778,-77.12111,1188,1082
38.69787,-77.02317,3239,1083
38.69842,-76.98673,2615,1084
38.69928,-77.907,37,1085
38.70157,-77.02593,1280,1086
38.7052,-76.1468,898,1087
38.70664,-77.04876,10181,1088
38.71012,-76.70146,8459,1089
38.7122,-77.5615,7,1090
38.712452,-77.074172,32,1091
38.71252,-76.3168,2650,1092
38.72454,-77.91048,38,1093
38.7269,-77.5097,14,1094
38.7274,-77.5075,14,1095
38.7283,-75.562,590,1096
38.7284,-77.4814,14,1097
38.72917,-75.56139,2365,1098
38.7323,-76.2125,367,1099
38.73336,-76.13172,88,1100
38.7371,-77.5351,12,1101
38.74323,-76.30338,2298,1102
38.7433,-76.2999,545,1103
38.74332,-76.70744,3344,1104
38.74672,-77.88678,37,1105
38.74734,-77.98956,30,1106
38.7475,-75.5816,477,1107
38.74935,-76.24397,1062,1108
38.7498,-77.5146,14,1109
38.753333,-76.307778,129,1110
38.75465,-76.54488,490,1111
38.755833,-76.22722,69,1112
38.7571,-76.6993,120,1113
38.7575,-75.9967,1275,1114
38.75895,-77.91523,37,1115
38.7627,-75.723,621,1116
38.76458,-76.17628,110,1117
38.76608,-77.97693,31,1118
38.77011,-77.03136,1230,1119
38.77302,-76.70927,2365,1120
38.77315,-76.2823,2734,1121
38.77654,-77.04784,167,1122
38.78128,-76.7137,6209,1123
38.784099,-77.018505,166,1124
38.7851,-78.1525,6,1125
38.785183,-78.951383,29,1126
38.78538,-76.71343,2322,1127
38.78767,-77.03565,1455,1128
38.7926,-76.1282,390,1129
38.7941,-77.97416,31,1130
38.79483,-77.03692,1437,1131
38.796,-76.7208,5633,1132
38.7978,-75.9316,1820,1133
38.79938,-77.92217,36,1134
38.80287,-77.95671,30,1135
38.8045,-78.1439,6,1136
38.80645,-75.90971,8685,1137
38.8066,-78.1419,6,1138
38.8079,-77.0321,393,1139
38.81092,-76.71227,2282,1140
38.81123,-77.23026,2005,1141
38.811825,-77.037683,171,1142
38.81273,-77.22872,1360,1143
38.814,-77.03387,151,1144
38.8143,-76.75087,4969,1145
38.81498,-76.46272,7389,1146
38.81809,-76.37144,16396,1147
38.8194,-76.2259,514,1148
38.82,-76.316,340,1149
38.82178,-77.03109,1502,1150
38.82572,-75.8385,364,1151
38.82593,-76.39945,28240,1152
38.831,-77.93443,30,1153
38.8312,-75.9143,911,1154
38.83178,-77.04081,107,1155
38.83345,-77.98868,30,1156
38.83485,-79.37389,5,1157
38.8367,-76.5279,617,1158
38.8375,-76.5314,533,1159
38.84138,-79.41505,9,1160
38.842222,-76.303611,165,1161
38.8425,-76.5341,5686,1162
38.84394,-77.93862,30,1163
38.844,-76.3653,451,1164
38.84808,-77.9972,30,1165
38.84945,-79.48681,8,1166
38.84972,-75.67333,1759,1167
38.85014,-79.4871,8,1168
38.85039,-77.0222,2049,1169
38.85047,-79.41937,4,1170
38.8506,-75.8497,555,1171
38.85067,-77.0222,1230,1172
38.850938,-77.635231,7,1173
38.85222,-76.38694,641,1174
38.85289,-77.0047,2631,1175
38.854681,-76.531378,166,1176
38.8606,-76.533,284,1177
38.860833,-76.511944,184,1178
38.86122,-77.01276,1111,1179
38.86398,-79.45479,8,1180
38.86535,-77.0102,155,1181
38.86648,-78.00363,29,1182
38.86678,-76.9747,93,1183
38.867,-76.1929,276,1184
38.86845,-76.96914,93,1185
38.86972,-77.00292,58,1186
38.87011,-76.95803,99,1187
38.87028,-76.99694,1220,1188
38.87278,-77.0006,154,1189
38.8737,-76.5209,267,1190
38.87372,-77.0222,1551,1191
38.87428,-77.0422,2534,1192
38.87637,-77.04671,155,1193
38.87734,-76.97553,1607,1194
38.8774,-77.0246,154,1195
38.8775,-76.518333,133,1196
38.8799,-76.9709,155,1197
38.88,-76.2515,15229,1198
38.88345,-76.97636,105,1199
38.884,-76.96886,522,1200
38.88495,-77.0355,155,1201
38.8852,-78.0251,31,1202
38.886,-76.5415,765,1203
38.88678,-76.97636,109,1204
38.88678,-76.9372,101,1205
38.88696,-76.5349,5035,1206
38.88706,-77.03942,640,1207
38.888056,-76.180278,95,1208
38.89039,-76.94414,516,1209
38.8909,-76.2007,190,1210
38.89153,-76.91491,33,1211
38.89372,-76.93192,583,1212
38.8939,-76.9655,155,1213
38.894,-76.9147,578,1214
38.89456,-77.0747,490,1215
38.895678,-76.473597,1419,1216
38.89655,-77.7571,16,1217
38.89761,-76.96581,566,1218
38.898333,-76.313333,96,1219
38.89872,-76.9622,882,1220
38.90008,-77.83067,16,1221
38.90008,-77.05842,154,1222
38.90122,-76.94304,993,1223
38.90233,-77.06942,3120,1224
38.90331,-77.93577,16,1225
38.90345,-76.94553,541,1226
38.90431,-77.07193,154,1227
38.90555,-77.9975,16,1228
38.9057,-76.3306,284,1229
38.90844,-76.9622,582,1230
38.9089,-77.0507,155,1231
38.90928,-76.95581,534,1232
38.909378,-76.507692,1298,1233
38.9098,-76.9618,102,1234
38.91011,-76.94136,105,1235
38.9116,-76.9546,152,1236
38.91247,-76.96569,306,1237
38.91317,-76.96493,312,1238
38.9135,-76.1689,290,1239
38.91354,-77.89075,16,1240
38.91361,-78.20972,2695,1241
38.91468,-76.96696,301,1242
38.91472,-77.74361,16,1243
38.91495,-76.96328,295,1244
38.915,-76.489444,89,1245
38.91556,-77.05972,102,1246
38.91583,-77.08306,146,1247
38.91597,-77.80182,16,1248
38.91603,-76.96856,966,1249
38.91648,-76.96256,303,1250
38.91675,-76.45838,1224,1251
38.91789,-77.12054,101,1252
38.91789,-77.1047,699,1253
38.91817,-76.94164,1055,1254
38.9187,-77.1031,150,1255
38.91903,-77.819,16,1256
38.9191,-76.3073,297,1257
38.91916,-76.90566,34,1258
38.91917,-77.05611,107,1259
38.919578,-76.500936,2118,1260
38.9201,-77.87233,16,1261
38.92176,-77.06027,155,1262
38.922622,-76.527222,808,1263
38.9234,-76.5132,279,1264
38.9238,-76.4928,278,1265
38.92586,-77.0951,154,1266
38.92649,-76.46361,11,1267
38.927347,-76.545839,989,1268
38.92761,-77.10136,493,1269
38.92844,-77.04942,543,1270
38.92872,-77.12193,102,1271
38.92955,-77.11692,2026,1272
38.929831,-76.518374,1894,1273
38.9298922,-77.3458976,122,1274
38.930017,-76.4835,977,1275
38.9312,-76.234,244,1276
38.93147,-76.5268,224,1277
38.9326,-76.2794,305,1278
38.93306,-77.05111,101,1279
38.93337,-77.05024,154,1280
38.93388,-76.93806,755,1281
38.93417,-77.07889,88,1282
38.93431,-76.9388,34,1283
38.93528,-77.04778,98,1284
38.935556,-76.523056,104,1285
38.93598,-76.50771,1362,1286
38.93648,-76.50738,757,1287
38.9365,-77.93529,16,1288
38.9369,-76.5314,296,1289
38.937,-76.510894,1098,1290
38.93781,-77.05304,104,1291
38.93831,-77.05258,155,1292
38.938778,-76.580722,668,1293
38.93893,-76.94344,2278,1294
38.939947,-76.546744,1034,1295
38.94082,-77.74233,16,1296
38.941706,-76.55815,616,1297
38.9428,-76.2216,1344,1298
38.9436,-76.46,262,1299
38.94361,-77.89528,16,1300
38.9449,-77.05174,101,1301
38.94528,-77.05111,101,1302
38.94577,-77.10293,240,1303
38.9466,-77.05575,154,1304
38.9466,-76.4655,295,1305
38.9471,-76.4742,182,1306
38.947317,-76.519136,1080,1307
38.947403,-76.527272,969,1308
38.94821,-77.12734,2223,1309
38.949213,-76.546948,2436,1310
38.94934,-76.46491,2,1311
38.9495,-76.5687,648,1312
38.9496,-76.5461,9133,1313
38.950833,-76.557778,98,1314
38.95223,-76.96606,1624,1315
38.953185,-76.562178,971,1316
38.95557,-76.69411,3521,1317
38.95583,-76.69333,1571,1318
38.9562972,-76.486666,11,1319
38.956828,-76.532547,914,1320
38.95701,-76.36705,722,1321
38.95748,-77.06218,152,1322
38.958161,-76.486764,11,1323
38.960333,-76.556067,1085,1324
38.9611,-76.4475,2911,1325
38.961242,-76.480933,11,1326
38.9621,-77.04135,106,1327
38.96223,-76.47287,6,1328
38.962358,-76.479083,11,1329
38.962661,-76.593797,1400,1330
38.963164,-76.484114,10,1331
38.9639,-76.5381,827,1332
38.965975,-76.483083,10,1333
38.96713,-75.94312,2911,1334
38.9678,-76.4971,109,1335
38.96833,-76.45389,56,1336
38.9695,-76.5023,104,1337
38.9699,-76.4996,95,1338
38.9706,-76.5074,19,1339
38.97111,-77.04417,105,1340
38.97113,-76.24734,3948,1341
38.97128,-76.23573,502,1342
38.9724,-76.4958,95,1343
38.9724,-76.4893,95,1344
38.972872,-76.576158,756,1345
38.9731,-76.5171,21,1346
38.9732,-76.4924,104,1347
38.9734,-76.4879,95,1348
38.9734,-76.23669,595,1349
38.97345,-77.14883,2265,1350
38.97503,-76.6032,728,1351
38.9753,-76.4837,104,1352
38.9753,-76.4782,103,1353
38.97583,-77.24611,1576,1354
38.97623,-76.91932,34,1355
38.97634,-77.0522,155,1356
38.97644,-78.33633,3318,1357
38.9787922,-77.3643976,109,1358
38.98231,-76.96376,34,1359
38.9832,-77.0407,154,1360
38.98484,-77.00277,34,1361
38.9865,-77.06359,554,1362
38.98667,-76.4375,92,1363
38.98841,-77.04135,106,1364
38.98885,-78.656567,165,1365
38.99233,-76.2151,15008,1366
38.99302,-77.06303,2240,1367
38.9934,-76.5066,764,1368
38.9944,-76.453,304,1369
38.99596,-76.35967,26170,1370
38.99719,-75.78644,2216,1371
38.9972,-76.5048,764,1372
38.99722,-75.78611,1475,1373
38.99748,-77.00981,34,1374
38.9988,-76.4965,566,1375
38.9995,-76.1791,356,1376
39.0004,-76.4512,224,1377
39.001,-76.51032,11,1378
39.0012,-76.4326,334,1379
39.0015,-76.4895,548,1380
39.00277,-76.50906,11,1381
39.003,-76.4923,539,1382
39.0035,-76.457,304,1383
39.00412,-76.34517,7155,1384
39.00462,-76.3881,7633,1385
39.0048,-76.5218,589,1386
39.00585,-76.35438,322,1387
39.0063,-76.517,679,1388
39.0075,-76.40033,3814,1389
39.0076,-76.5354,271,1390
39.00764,-76.5035,9518,1391
39.0077,-76.499,544,1392
39.0085,-76.5319,391,1393
39.0106,-76.4345,304,1394
39.0121,-76.5271,511,1395
39.0125,-77.04361,90,1396
39.0125,-76.4437,184,1397
39.0131,-76.4676,159,1398
39.0139,-76.2349,273,1399
39.01647,-76.39488,933,1400
39.01715,-76.54195,11,1401
39.0173,-76.5392,721,1402
39.0173,-76.5338,641,1403
39.0173,-76.5212,522,1404
39.01844,-77.57638,92,1405
39.0199,-76.4385,179,1406
39.0208,-76.5092,466,1407
39.0212,-76.5145,511,1408
39.0233,-76.5151,726,1409
39.0235,-76.5414,640,1410
39.023611,-76.265556,210,1411
39.024,-76.538,485,1412
39.0257,-76.2017,276,1413
39.029167,-76.526111,101,1414
39.0354,-76.5429,1674,1415
39.0374,-76.5601,1295,1416
39.03938,-76.3038,1043,1417
39.04072,-76.35997,1065,1418
39.0412,-76.5723,837,1419
39.04812,-76.56798,11,1420
39.04889,-76.56472,11,1421
39.0558,-76.0718,1504,1422
39.0568,-76.43667,80,1423
39.0582,-76.5481,562,1424
39.0595,-76.5766,1116,1425
39.0599,-76.5618,1384,1426
39.06283,-76.08162,7093,1427
39.063,-76.578,1116,1428
39.0648,-78.655033,168,1429
39.06629,-76.49624,6,1430
39.0692,-76.48061,117,1431
39.0698,-76.5823,1663,1432
39.07009,-76.51555,4,1433
39.07062,-76.30788,21,1434
39.07218,-76.58113,5,1435
39.07234,-76.52624,5,1436
39.07318,-76.58629,6,1437
39.0738,-76.5768,541,1438
39.074,-76.5739,546,1439
39.0749,-76.1198,1740,1440
39.0779,-76.24163,612,1441
39.07807,-76.0972,2544,1442
39.07851,-76.51005,6537,1443
39.07958,-77.33964,2257,1444
39.0804,-76.1303,125,1445
39.0812,-76.1149,7071,1446
39.0816,-76.6111,633,1447
39.0818,-76.1392,5255,1448
39.08204,-76.61105,11,1449
39.08323,-76.10732,361,1450
39.0875,-76.460833,72,1451
39.0875,-76.165556,102,1452
39.09,-76.2003,292,1453
39.0958,-78.5951,59,1454
39.09698,-76.30732,944,1455
39.10079,-76.53123,5,1456
39.1063,-76.173,439,1457
39.1076,-76.1345,365,1458
39.11285,-76.43217,961,1459
39.1168,-76.87493,2170,1460
39.14045,-76.26295,1261,1461
39.15191,-76.39115,1746,1462
39.15442,-77.52125,2255,1463
39.15444,-76.06806,144,1464
39.15551,-77.52232,2185,1465
39.16273,-76.48747,1053,1466
39.16369,-76.30631,16954,1467
39.1667,-76.0387,784,1468
39.16775,-76.85125,1616,1469
39.17573,-76.34747,665,1470
39.1953,-76.44213,1023,1471
39.2037,-76.29322,516,1472
39.20755,-76.57975,641,1473
39.20852,-76.53215,1422,1474
39.21309,-76.52254,19315,1475
39.21348,-76.24617,1033,1476
39.21443,-76.45158,477,1477
39.21781,-76.70534,2249,1478
39.2252,-76.0314,347,1479
39.2282,-76.40063,705,1480
39.23931,-77.05619,4787,1481
39.2403,-75.9586,686,1482
39.241667,-76.397778,82,1483
39.2437,-75.9249,7168,1484
39.24453,-76.4909,500,1485
39.24467,-76.59718,2368,1486
39.24529,-76.41604,443,1487
39.2453,-76.59777,1903,1488
39.24612,-76.53962,1517,1489
39.2473,-76.3323,680,1490
39.2476,-76.4421,806,1491
39.2495,-76.2405,17433,1492
39.25458,-77.57616,1175,1493
39.25475,-77.57636,667,1494
39.25706,-75.94014,1350,1495
39.25861,-76.44333,74,1496
39.2588,-76.2863,448,1497
39.2613,-76.5863,2947,1498
39.27171,-77.44157,2224,1499
39.27208,-77.5479,2219,1500
39.27348,-77.54367,2201,1501
39.27441,-76.57444,16,1502
39.27755,-76.44368,4450,1503
39.27771,-76.58922,1282,1504
39.28003,-76.01456,1664,1505
39.28194,-77.78944,1207,1506
39.28341,-76.46518,309,1507
39.28543,-76.60876,2224,1508
39.28547,-76.60795,2153,1509
39.29,-76.467222,55,1510
39.2954,-76.2534,455,1511
39.29811,-76.4703,1562,1512
39.29892,-76.33149,430,1513
39.30127,-76.43044,93,1514
39.303056,-76.323056,88,1515
39.30538,-76.40954,5774,1516
39.31245,-76.79224,2261,1517
39.3136,-76.40628,232,1518
39.3145,-76.42478,305,1519
39.3196,-76.2086,855,1520
39.33178,-77.58018,2237,1521
39.33305,-76.40514,136,1522
39.33464,-78.05344,1190,1523
39.34133,-76.35371,64,1524
39.34279,-76.72639,4986,1525
39.34623,-76.29995,80,1526
39.34873,-76.17579,16521,1527
39.35393,-76.1296,847,1528
39.3622,-76.1749,611,1529
39.36322,-75.88233,1048,1530
39.36415,-75.88203,8349,1531
39.36666,-79.17917,1330,1532
39.36768,-75.84943,28,1533
39.3689,-75.9792,835,1534
39.36972,-76.2675,76,1535
39.3712,-75.9286,550,1536
39.3717,-76.06252,2127,1537
39.37225,-75.83987,4094,1538
39.37747,-76.33465,4532,1539
39.37907,-76.37708,48,1540
39.38153,-76.3043,161,1541
39.38261,-76.06811,96,1542
39.38778,-77.3811,2246,1543
39.38935,-79.17936,2303,1544
39.4019,-76.35163,215,1545
39.4028,-76.1019,434,1546
39.40389,-76.27275,921,1547
39.40853,-76.34264,142,1548
39.40871,-76.74277,2232,1549
39.41072,-76.24762,77,1550
39.4167,-76.0333,751,1551
39.417211,-77.74194,6,1552
39.4209,-76.096,527,1553
39.42361,-77.93889,1200,1554
39.42562,-76.52889,2273,1555
39.42578,-77.559,4718,1556
39.429622,-77.733282,5,1557
39.43508,-77.80266,2236,1558
39.43511,-76.24205,4809,1559
39.44149,-76.02599,8439,1560
39.44306,-78.82222,1257,1561
39.44491,-78.97175,2211,1562
39.44694,-78.65444,1234,1563
39.4475,-76.0525,663,1564
39.4484,-75.8449,284,1565
39.4498,-76.2698,94,1566
39.45037,-77.73165,5056,1567
39.45078,-76.27457,3483,1568
39.454,-75.854444,463,1569
39.45821,-76.23227,861,1570
39.459333,-75.880056,649,1571
39.462,-76.2407,40,1572
39.463667,-75.843528,520,1573
39.4637,-75.8383,328,1574
39.4663,-75.9697,1274,1575
39.466889,-75.873639,697,1576
39.46704,-75.87368,5004,1577
39.4713,-75.8857,1444,1578
39.4764,-75.931,526,1579
39.4767,-76.0709,544,1580
39.476931,-75.943156,78,1581
39.47922,-79.06802,2315,1582
39.480194,-75.930028,534,1583
39.48027,-77.38939,2260,1584
39.480444,-75.902528,538,1585
39.4805,-75.9068,550,1586
39.4806,-79.06806,2296,1587
39.48172,-76.34053,1600,1588
39.48278,-76.88209,4863,1589
39.48308,-77.83183,1195,1590
39.4866,-76.0006,813,1591
39.49364,-79.0447,5130,1592
39.4943,-76.0876,650,1593
39.49638,-76.34778,961,1594
39.5039,-75.9075,1233,1595
39.5053,-76.0414,1412,1596
39.50873,-75.89783,10673,1597
39.51194,-78.0375,1302,1598
39.512917,-79.1545,39,1599
39.5293,-75.81135,9811,1600
39.53123,-75.83968,404,1601
39.53275,-75.85532,225,1602
39.53479,-77.70855,85,1603
39.537648,-77.709906,6,1604
39.5383399,-77.7095891,73,1605
39.53865,-78.45449,2206,1606
39.5387,-75.875,491,1607
39.540009,-78.540436,993,1608
39.5404,-76.0736,1736,1609
39.5429,-75.9735,554,1610
39.5443,-76.0049,957,1611
39.546,-76.0494,1190,1612
39.546085,-78.565344,848,1613
39.5478,-76.0848,4480,1614
39.54794,-76.08481,7719,1615
39.549374,-79.144978,70,1616
39.55064,-76.63586,4782,1617
39.55304,-78.55339,3024,1618
39.5532,-78.555,637,1619
39.556826,-77.647929,7,1620
39.5583,-75.9867,540,1621
39.564,-75.8501,1184,1622
39.56677,-78.83891,2209,1623
39.5693,-75.9723,123,1624
39.56976,-75.96782,5340,1625
39.571515,-77.689354,10,1626
39.57447,-78.61537,2163,1627
39.581375,-77.610609,7,1628
39.58222,-78.31,1296,1629
39.58268,-78.73145,2158,1630
39.5831,-75.9638,1378,1631
39.5832821,-77.6443383,107,1632
39.5853,-79.093083,68,1633
39.5927,-75.9469,76,1634
39.59463,-77.71079,2252,1635
39.5958,-75.9441,77,1636
39.5988,-75.952,100,1637
39.6001,-76.1239,620,1638
39.6022,-75.9437,77,1639
39.60324,-77.8216,2251,1640
39.60623,-78.547726,819,1641
39.61218,-77.2382,2224,1642
39.61222,-75.81694,2857,1643
39.62348,-76.16477,5295,1644
39.64058,-78.21894,1230,1645
39.646363,-77.529613,6,1646
39.6486,-75.9555,106,1647
39.64935,-78.34415,998,1648
39.649364,-78.339345,297,1649
39.64953,-78.3441,786,1650
39.649828,-77.688806,76,1651
39.654832,-78.360001,89,1652
39.65622,-76.17504,3361,1653
39.658477,-78.562306,314,1654
39.65872,-76.17412,2002,1655
39.659947,-76.152979,135,1656
39.6611,-75.9323,93,1657
39.6618,-76.1474,135,1658
39.66185,-78.78029,5044,1659
39.663071,-77.516278,8,1660
39.664381,-77.5361,7,1661
39.67048,-78.79081,2291,1662
39.673961,-78.341849,574,1663
39.67628,-78.04194,1017,1664
39.67769,-78.03653,890,1665
39.67917,-77.23489,2202,1666
39.6814,-75.9517,106,1667
39.683385,-78.570204,59,1668
39.688547,-77.591957,7,1669
39.68897,-76.00768,18,1670
39.68936,-76.78047,2269,1671
39.6903,-76.1281,1748,1672
39.69645,-77.23947,3016,1673
39.69742,-78.1763,2264,1674
39.699181,-78.565952,416,1675
39.702219,-78.315651,131,1676
39.70298333,-76.10946667,133,1677
39.70636,-78.15275,1829,1678
39.70666667,-76.11555556,134,1679
39.709509,-78.329625,87,1680
39.715333,-77.606724,81,1681
39.715885,-78.446004,57,1682
39.71599,-77.60822,3002,1683
39.716,-77.824,96,1684
39.71605,-77.82505,2822,1685
39.7164,-76.1752,994,1686
39.71661,-77.60794,743,1687
39.7185,-78.77097,666,1688
39.720703,-77.500192,178,1689
39.72352,-77.723515,48,1690
39.7242,-77.559148,96,1691
39.72422,-77.60472,40,1692
39.724881,-77.605128,98,1693
39.724967,-77.588817,180,1694
39.725989,-77.593831,27,1695
39.727578,-77.590798,32,1696
39.72758,-77.590798,94,1697
39.73007,-77.517138,32,1698
39.730772,-78.595113,84,1699
39.731672,-77.540817,252,1700
39.732595,-78.344813,1142,1701
39.734247,-77.540569,183,1702
39.735632,-78.549,10,1703
39.73609,-77.58821,56,1704
39.737619,-77.568983,151,1705
39.737858,-77.569172,64,1706
39.739406,-77.481092,257,1707
39.740386,-77.519908,709,1708
39.741023,-77.564073,80,1709
39.7411,-78.360001,586,1710
39.741172,-77.491586,402,1711
39.741603,-77.491469,266,1712
39.745025,-77.559425,632,1713
39.74861,-77.5693,8,1714
39.7512232,-76.640445,26,1715
39.751283,-77.601036,561,1716
39.75165,-77.55234,72,1717
39.752643,-78.364253,340,1718
39.753251,-78.511882,914,1719
39.75468,-77.505228,419,1720
39.756896,-78.518565,43,1721
39.761756,-78.373366,229,1722
39.76356,-76.1679,227,1723
39.764094,-77.607036,344,1724
39.765053,-77.516044,112,1725
39.766009,-78.606656,18,1726
39.77282,-77.58844,54,1727
39.77302,-76.3162,1413,1728
39.77364,-76.1702223,168,1729
39.780589,-78.361823,452,1730
39.786057,-78.574457,30,1731
39.786453,-77.602325,47,1732
39.787736,-77.603375,61,1733
39.788233,-77.487814,490,1734
39.789385,-76.998294,38,1735
39.79031,-78.579102,60,1736
39.796641,-76.257328,135,1737
39.798815,-78.561699,10,1738
39.801615,-76.74097,58,1739
39.801853,-78.558661,72,1740
39.80489,-78.570812,29,1741
39.805725,-77.574917,6,1742
39.80646,-78.36928,104,1743
39.80732,-78.334485,18,1744
39.807606,-76.236189,144,1745
39.809412,-76.233583,161,1746
39.810403,-77.576394,514,1747
39.814735,-76.237063,268,1748
39.81847,-76.244814,180,1749
39.821901,-78.493049,297,1750
39.821901,-78.46328,1125,1751
39.827579,-77.87694,119,1752
39.828759,-76.242286,162,1753
39.8304,-76.1892,168,1754
39.831043,-77.906097,120,1755
39.831062,-77.902611,36,1756
39.831244,-77.570878,193,1757
39.831417,-76.025528,127,1758
39.831437,-76.004965,135,1759
39.831478,-76.245341,234,1760
39.831621,-78.348458,443,1761
39.834038,-77.898473,138,1762
39.83547,-76.24224,99,1763
39.836524,-76.339021,158,1764
39.837415,-77.923427,144,1765
39.83969,-77.44278,104,1766
39.839708,-77.537533,349,1767
39.851725,-76.243605,188,1768
39.853353,-77.517319,168,1769
39.8588,-76.20147,188,1770
39.860782,-78.498516,1154,1771
39.86197,-75.97205,99,1772
39.86339,-76.341193,366,1773
39.86382,-78.327194,449,1774
39.864814,-76.340042,123,1775
39.868073,-78.336915,424,1776
39.884476,-78.34056,367,1777
39.884646,-75.978733,6,1778
39.887816,-76.045817,213,1779
39.89319,-78.28401,218,1780
39.893916,-76.286239,114,1781
39.895188,-76.35781,9,1782
39.896465,-76.284922,114,1783
39.89775,-76.05285,212,1784
39.897857,-75.995203,112,1785
39.905046,-76.286754,174,1786
39.90528,-76.32777,1854,1787
39.91252,-76.06882,92,1788
39.9127,-76.06865,92,1789
39.91528,-76.286944,27,1790
39.91547,-76.312588,45,1791
39.918973,-76.28175,264,1792
39.920757,-76.29744,362,1793
39.934767,-76.323032,167,1794
39.94195,-76.306546,27,1795
39.9447,-76.313433,132,1796
39.94649,-76.36774,2926,1797
39.946511,-76.721144,70,1798
39.94755,-76.314952,105,1799
39.948313,-76.729919,65,1800
39.951361,-76.632835,42,1801
39.9517,-76.6816,78,1802
39.952885,-76.73827,65,1803
39.953416,-76.733901,65,1804
39.97935,-76.6464,152,1805
39.982512,-76.722315,75,1806
39.9827,-76.7227,77,1807
39.983782,-76.377848,659,1808
39.986343,-76.497181,21,1809
39.993611,-76.107778,317,1810
39.99594,-76.26403,1627,1811
39.999214,-76.941858,92,1812
40.000412,-76.602895,47,1813
40.000433,-76.602183,79,1814
40.005556,-76.110556,147,1815
40.00917,-76.16222,1450,1816
40.01185,-76.7144,140,1817
40.011944,-76.108333,229,1818
40.0189,-76.710283,146,1819
40.026389,-76.241389,187,1820
40.026944,-76.242222,35,1821
40.027322,-77.507586,69,1822
40.0326,-76.2871,56,1823
40.036944,-76.343333,85,1824
40.03694444,-76.34333333,1149,1825
40.042222,-76.268056,12,1826
40.04716,-77.52071,221,1827
40.05226,-76.65446,1493,1828
40.053611,-76.1725,458,1829
40.053933,-76.644867,141,1830
40.05454,-76.5308,2915,1831
40.055833,-76.180278,394,1832
40.06169,-77.53258,213,1833
40.061749,-77.514999,8,1834
40.061807,-77.532396,11,1835
40.0625,-76.156667,467,1836
40.068522,-77.643277,34,1837
40.07262,-77.537821,70,1838
40.075,-76.269444,1350,1839
40.075278,-76.37,643,1840
40.076156,-77.595852,57,1841
40.076389,-76.077778,602,1842
40.081667,-76.086111,672,1843
40.08232,-76.71969,1900,1844
40.083056,-76.381389,21,1845
40.085556,-76.044167,816,1846
40.089444,-76.069167,466,1847
40.089722,-76.290556,627,1848
40.09015,-77.64789,127,1849
40.095278,-76.336389,877,1850
40.100063,-76.7637,61,1851
40.10478,-77.559186,36,1852
40.106567,-77.180554,9,1853
40.111389,-76.3325,394,1854
40.116389,-76.330557,390,1855
40.12347,-77.221977,55,1856
40.127222,-76.627778,281,1857
40.129762,-77.40758,13,1858
40.131944,-76.621944,338,1859
40.133611,-76.258056,1448,1860
40.134722,-76.616667,319,1861
40.1365,-77.14583,10,1862
40.144224,-77.405537,34,1863
40.1474003,-77.12339399,10,1864
40.149675,-77.507219,136,1865
40.149975,-77.406898,34,1866
40.15111,-76.68944,1737,1867
40.152978,-77.407924,34,1868
40.154841,-77.409991,33,1869
40.160232,-77.406287,34,1870
40.161072,-77.315195,52,1871
40.16418,-76.976213,27,1872
40.168066,-77.455199,79,1873
40.16865,-77.193367,39,1874
40.172452,-76.913721,117,1875
40.17365,-77.188767,39,1876
40.173767,-77.177667,42,1877
40.174444,-76.081667,75,1878
40.174463,-77.395054,35,1879
40.174722,-76.255278,1411,1880
40.17663,-77.18537,2051,1881
40.17667,-77.18507,2043,1882
40.177355,-77.454229,31,1883
40.177641,-77.453873,33,1884
40.179167,-76.081667,27,1885
40.17999,-77.18692,2047,1886
40.18534,-77.392621,56,1887
40.187778,-76.17,1212,1888
40.187955,-77.187194,16,1889
40.18844,-77.18606,1715,1890
40.19528,-77.18423,2045,1891
40.19528,-76.56778,1732,1892
40.195294,-77.184267,30,1893
40.19568,-77.18767,784,1894
40.19588,-77.18745,586,1895
40.19608,-77.18518,863,1896
40.196389,-76.056944,41,1897
40.201195,-77.417339,154,1898
40.20152,-77.184854,40,1899
40.201869,-77.365123,16,1900
40.20792,-77.18104,2023,1901
40.209576,-77.027172,201,1902
40.211399,-77.299815,67,1903
40.21418,-77.16883,1702,1904
40.214601,-77.297451,63,1905
40.214809,-77.299823,28,1906
40.215365,-77.30397,16,1907
40.21583,-78.26556,1778,1908
40.21847,-77.16003,1702,1909
40.218817,-76.862862,45,1910
40.219418,-77.155726,16,1911
40.221555,-77.269701,8,1912
40.22288,-77.272095,45,1913
40.22429,-77.14928,2033,1914
40.224638,-77.260294,35,1915
40.22472,-76.89833,1752,1916
40.226963,-77.332296,180,1917
40.227646,-77.20661,98,1918
40.231014,-77.218649,36,1919
40.234075,-77.218027,85,1920
40.23487,-77.14193,2043,1921
40.235785,-77.14107,53,1922
40.236495,-77.193667,74,1923
40.239804,-77.173815,8,1924
40.241213,-76.969512,8,1925
40.241721,-77.175346,24,1926
40.24276,-76.85709,136,1927
40.244428,-77.033945,77,1928
40.244658,-77.17598,31,1929
40.251142,-76.958114,36,1930
40.251474,-77.022519,94,1931
40.251672,-77.00744,29,1932
40.25222,-77.02139,1935,1933
40.25481,-76.88609,1505,1934
40.256489,-76.928446,24,1935
40.256938,-76.944205,51,1936
40.258352,-76.964875,12,1937
40.258784,-77.10283,4,1938
40.259296,-77.040426,15,1939
40.2597,-77.1025,1,1940
40.259792,-77.103054,86,1941
40.26185,-77.489133,5,1942
40.262529,-76.978808,49,1943
40.2626,-77.491917,5,1944
40.263776,-76.98015,31,1945
40.265907,-77.223096,28,1946
40.267855,-77.015436,184,1947
40.270673,-76.95154,15,1948
40.270861,-76.9156,167,1949
40.271876,-76.951478,54,1950
40.27395,-77.543033,5,1951
40.27688,-76.944799,27,1952
40.277468,-76.925578,13,1953
40.28072,-76.933674,8,1954
40.284529,-77.101384,36,1955
40.29842,-76.66747,1949,1956
40.306327,-76.927658,73,1957
40.30833,-76.85,1637,1958
40.30842,-76.84942,1626,1959
40.32342,-77.16859,1950,1960
40.34239,-76.5611,1457,1961
40.46314,-78.19973,1725,1962
40.47842,-77.12915,3029,1963
40.56722,-78.692778,42,1964
40.61111,-76.91222,1621,1965
40.61257,-78.14056,1743,1966
40.65472,-77.58333,1416,1967
40.7633,-78.650473,48,1968
40.78597,-78.68095,18,1969
40.78875,-78.66919,18,1970
40.79468,-78.680517,12,1971
40.82066,-78.636709,48,1972
40.82668,-78.1111,584,1973
40.83895,-78.679499,42,1974
40.8515,-76.80709,1504,1975
40.86374,-78.71089,48,1976
40.86667,-77.04861,1848,1977
40.8682,-78.4241,5,1978
40.87207,-78.57165,279,1979
40.8901,-78.5551,5,1980
40.89132,-78.58166,278,1981
40.8941,-78.5431,146,1982
40.89428,-78.5321,194,1983
40.8947,-78.5817,287,1984
40.8947,-78.57742,268,1985
40.89526,-78.20605,226,1986
40.8967,-78.5531,5,1987
40.8967,-78.5191,134,1988
40.8987,-78.5616,5,1989
40.9009,-78.5717,5,1990
40.90458,-78.10922,59,1991
40.90468,-78.10922,94,1992
40.9161,-78.5051,141,1993
40.91725,-77.091444,313,1994
40.920694,-77.15775,414,1995
40.921917,-77.002556,107,1996
40.9238,-78.4836,188,1997
40.925833,-77.017556,110,1998
40.929005,-78.281017,29,1999
40.9298,-78.4683,10,2000
40.930667,-77.040361,304,2001
40.9308,-78.4723,204,2002
40.93275,-77.033389,251,2003
40.934056,-77.047083,473,2004
40.935392,-78.022634,232,2005
40.9364,-78.4632,207,2006
40.939139,-77.229472,381,2007
40.9394,-78.4549,200,2008
40.939722,-77.225944,385,2009
40.94253,-78.12451,233,2010
40.9444,-78.4471,16,2011
40.944472,-77.200889,351,2012
40.94715,-77.82855,334,2013
40.9474,-78.4386,5,2014
40.9531,-78.4892,21,2015
40.9532,-78.4888,33,2016
40.9581,-78.4845,22,2017
40.95814,-76.61912,3052,2018
40.9587,-78.4297,5,2019
40.962944,-77.022417,105,2020
40.9633,-78.4913,5,2021
40.9665,-77.048306,105,2022
40.9671,-78.4865,17,2023
40.96814,-76.8733,3019,2024
40.970083,-76.883389,292,2025
40.97459,-76.80012,1434,2026
40.976583,-76.978639,311,2027
40.98158,-76.47238,42,2028
40.9828,-76.6293,83,2029
40.985611,-76.932306,312,2030
40.996667,-75.967222,5,2031
41.04028,-76.48333,54,2032
41.105418,-77.758962,28,2033
41.11059,-77.733806,15,2034
41.1175,-78.10917,1745,2035
41.1268,-77.4332,1836,2036
41.18027,-77.27837,4,2037
41.20222,-77.25139,1712,2038
41.24138,-77.33651,4,2039
41.25083,-75.88111,1892,2040
41.267348,-76.380047,71,2041
41.273162,-76.332977,65,2042
41.274865,-76.37773,67,2043
41.282697,-76.327558,67,2044
41.28314,-77.32216,1565,2045
41.28467,-77.32413,4,2046
41.289817,-76.708483,24,2047
41.291317,-76.731433,24,2048
41.30006,-76.27466,54,2049
41.30378,-77.39496,4,2050
41.30661,-78.01672,6,2051
41.309983,-77.362625,4,2052
41.31795,-77.41553,4,2053
41.318501,-77.414284,4,2054
41.326683,-77.354867,4,2055
41.329433,-77.344467,4,2056
41.33417,-76.142778,76,2057
41.33556,-76.955278,60,2058
41.34255,-77.39925,4,2059
41.34325,-77.654133,149,2060
41.34657,-76.970598,18,2061
41.34913,-77.35793,4,2062
41.35423,-77.34771,4,2063
41.35955,-78.43584,5,2064
41.36619,-77.35632,4,2065
41.36753,-76.49158,35,2066
41.36847,-76.46653,30,2067
41.36979,-76.48708,35,2068
41.37281,-78.05257,6,2069
41.37435,-76.46644,33,2070
41.375005,-75.988388,10,2071
41.38018,-76.47466,35,2072
41.38359,-76.978561,113,2073
41.38359,-76.97856,16,2074
41.39542,-77.34731,4,2075
41.39933,-77.47693,4,2076
41.39996,-77.46183,4,2077
41.40055,-77.49464,4,2078
41.40111,-76.098889,76,2079
41.40119,-77.50041,4,2080
41.40472,-77.46471,4,2081
41.40702,-77.33465,4,2082
41.41283,-77.32124,4,2083
41.413296,-76.000236,15,2084
41.41382,-78.19929,6,2085
41.4194,-78.2264,219,2086
41.42556,-76.030278,68,2087
41.425676,-75.956269,15,2088
41.43227,-77.2711,4,2089
41.436695,-75.922879,13,2090
41.44385,-77.29762,4,2091
41.4511,-78.04667,6,2092
41.45268,-78.1744,6,2093
41.458082,-77.516483,4,2094
41.46369,-77.505465,4,2095
41.46429,-78.17316,6,2096
41.4646,-78.06251,6,2097
41.471362,-77.502809,4,2098
41.471524,-77.505574,4,2099
41.47377,-78.15105,6,2100
41.47444,-75.986944,68,2101
41.48153,-77.21131,67,2102
41.481817,-78.175283,36,2103
41.48858,-78.051783,6,2104
41.49417,-77.15048,63,2105
41.502896,-78.125208,6,2106
41.508195,-78.235766,6,2107
41.512067,-77.536313,4,2108
41.512283,-78.045767,6,2109
41.513077,-78.21967,6,2110
41.521832,-78.02645,5,2111
41.523567,-78.0661,6,2112
41.5236,-78.21419,218,2113
41.525047,-77.531073,4,2114
41.529465,-78.014285,5,2115
41.533977,-78.195171,6,2116
41.541332,-77.502759,66,2117
41.54502,-76.81256,65,2118
41.54653,-76.8281,59,2119
41.548422,-76.834036,55,2120
41.548428,-76.832964,66,2121
41.54952,-77.55795,15,2122
41.55178,-77.15403,55,2123
41.55525,-77.45933,4,2124
41.55552,-77.45843,4,2125
41.55621,-77.38228,4,2126
41.556395,-78.034133,6,2127
41.55789,-77.951093,5,2128
41.55859,-77.33154,4,2129
41.558944,-77.681556,219,2130
41.56024,-77.10484,63,2131
41.56371,-77.103221,55,2132
41.56593,-77.13464,61,2133
41.56821,-76.83101,66,2134
41.5697,-77.20455,62,2135
41.57292,-77.33528,4,2136
41.5731,-76.86997,66,2137
41.576157,-77.911012,5,2138
41.57988,-77.17777,55,2139
41.57997,-77.47319,75,2140
41.57997,-77.17781,51,2141
41.58147,-77.704944,222,2142
41.581891,-78.440491,6,2143
41.58321,-77.47474,80,2144
41.58548333,-77.63618333,12,2145
41.58625,-77.900065,5,2146
41.5874,-77.70665,2,2147
41.587425,-78.441636,6,2148
41.595067,-77.899812,5,2149
41.59661,-77.29014,65,2150
41.59668,-77.28945,31,2151
41.59678,-78.18343,6,2152
41.598638,-78.18568,6,2153
41.60057,-78.064333,6,2154
41.604447,-78.066728,6,2155
41.60637,-77.50523,79,2156
41.609215,-77.88983333,68,2157
41.610128,-77.890917,5,2158
41.61417,-77.28833,25,2159
41.61465,-77.8958,56,2160
41.61528833,-77.87932361,68,2161
41.616098,-77.874827,5,2162
41.62445,-78.03195,6,2163
41.62758,-76.624959,42,2164
41.628357,-77.86037,5,2165
41.62841306,-77.860145,66,2166
41.63098,-76.64306,48,2167
41.63119833,-78.0052,36,2168
41.63195,-78.000967,6,2169
41.63326,-77.04382,5,2170
41.63369,-76.610253,48,2171
41.634237,-78.10305,6,2172
41.637767,-78.053217,6,2173
41.64097,-77.04497,30,2174
41.64132,-76.593672,47,2175
41.64204,-77.20837,4,2176
41.642867,-78.002183,6,2177
41.64688889,-77.65480556,250,2178
41.647083,-77.96235,6,2179
41.65275,-77.93745,6,2180
41.652817,-77.937467,6,2181
41.653967,-77.193518,12,2182
41.6556,-77.3693,9,2183
41.6572,-77.959458,63,2184
41.65761333,-77.91459,72,2185
41.65857,-77.156567,19,2186
41.661359,-77.194348,12,2187
41.67988,-77.987692,33,2188
41.682143,-77.774465,4,2189
41.682252,-77.794633,4,2190
41.68398,-77.15475,15,2191
41.6851,-77.19785,15,2192
41.68773333,-77.801,46,2193
41.69343,-77.155667,19,2194
41.70512,-77.48491,10,2195
41.7069,-77.97625,18,2196
41.70792,-77.693633,47,2197
41.70917,-77.30778,28,2198
41.71212,-77.578533,44,2199
41.72041667,-77.68421667,50,2200
41.72096,-77.776242,4,2201
41.72163,-77.53445,59,2202
41.72523,-77.288191,48,2203
41.7285,-77.321652,47,2204
41.72942,-77.252637,42,2205
41.72995,-77.6534,6,2206
41.732133,-77.64145,40,2207
41.73277,-77.65026,4,2208
41.74038,-77.53815,65,2209
41.74135,-77.49783,6,2210
41.74223333,-77.53732,6,2211
41.74325,-77.62094,4,2212
41.74574,-77.49271,4,2213
41.75006667,-77.34817,6,2214
41.75203333,-77.5038,4,2215
41.75211667,-77.50397,6,2216
41.75211667,-77.50378,6,2217
41.752793,-77.503293,4,2218
41.75663,-77.3503,104,2219
41.7652,-77.561223,19,2220
41.7652,-77.56122,15,2221
41.76535,-76.4405,2967,2222
41.77158,-77.6116,4,2223
41.77267,-77.3549,6,2224
41.772838,-77.35508,6,2225
41.77722,-77.39611,104,2226
41.77943,-77.31009,6,2227
41.781908,-77.433016,4,2228
41.78278,-77.37472,115,2229
41.78516667,-77.79863889,31,2230
41.787251,-75.49991,77,2231
41.790247,-77.761226,4,2232
41.79036667,-77.30237,6,2233
41.79165,-77.44603,44,2234
41.791875,-77.762769,4,2235
41.793917,-77.304492,4,2236
41.79422,-77.5719,15,2237
41.794478,-77.5719,18,2238
41.7947,-77.30473,6,2239
41.79674,-77.263427,123,2240
41.797433,-77.29553,6,2241
41.79868333,-77.61605,54,2242
41.800567,-77.047383,5,2243
41.802128,-77.265121,113,2244
41.803619,-76.55763,8,2245
41.80456667,-77.29553,6,2246
41.809708,-77.269588,122,2247
41.80983333,-77.28518,4,2248
41.81018333,-77.28352,4,2249
41.8107,-77.28607,6,2250
41.81168,-77.62345,56,2251
41.8141,-77.7809,37,2252
41.81431667,-77.34078,6,2253
41.82129,-77.13666,69,2254
41.821368,-77.136349,85,2255
41.821461,-77.708164,4,2256
41.8236,-77.7024,37,2257
41.82465,-77.2801,6,2258
41.82511667,-77.63861667,6,2259
41.82705,-77.70625,16,2260
41.827279,-77.706149,4,2261
41.82895,-77.63941667,8,2262
41.8358,-77.63815,52,2263
41.83788,-77.6392,1,2264
41.84242,-77.27702,2,2265
41.84493,-77.27932,18,2266
41.846317,-77.702733,38,2267
41.84637,-77.7018,56,2268
41.84803,-77.01248,830,2269
41.85645,-77.225265,5,2270
41.85828,-77.06178,27,2271
41.8587,-77.05975,829,2272
41.85919,-77.30723,17,2273
41.86218,-77.0121,814,2274
41.86603,-77.053516,835,2275
41.86802,-77.48842,10,2276
41.87222,-77.49222,61,2277
41.87906,-77.04381,20,2278
41.88315,-77.67865,2,2279
41.889884,-77.5297,26,2280
41.898775,-77.53058,26,2281
41.905986,-77.53425,22,2282
41.90963,-77.612,32,2283
41.91678333,-77.62438333,28,2284
41.920029,-76.55004,20,2285
41.9225,-77.62645,46,2286
41.928043,-76.69907,4,2287
41.92933,-77.628583,23,2288
41.94142,-77.64935,20,2289
41.94638,-77.685317,27,2290
41.9518,-76.46995,166,2291
41.957467,-77.115283,18,2292
41.96388,-76.61972,15,2293
41.978284,-76.003547,2,2294
41.980927,-76.57009,10,2295
41.989896,-76.000242,32,2296
41.999517,-77.114683,14,2297
42.0028,-76.635,1572,2298
42.0031,-76.5232,119,2299
42.004216,-75.730476,70,2300
42.008606,-76.52664,6,2301
42.01129,-76.526373,2,2302
42.015169,-75.788673,102,2303
42.0274,-76.9727,134,2304
42.027603,-75.801853,186,2305
42.03389,-76.4006,1588,2306
42.0346,-76.0129,128,2307
42.03528,-75.80333,1416,2308
42.03676,-76.16136,68,2309
42.045239,-76.447626,70,2310
42.0507,-76.4518,88,2311
42.052671,-76.035175,32,2312
42.053256,-76.1674,20,2313
42.0588,-76.7357,55,2314
42.059896,-75.601934,14,2315
42.062312,-76.148947,32,2316
42.0637,-75.8086,60,2317
42.065,-77.107,131,2318
42.068028,-76.102896,56,2319
42.070445,-77.3001,10,2320
42.0712,-76.0466,131,2321
42.071295,-76.046823,36,2322
42.07161,-75.641309,42,2323
42.076,-76.9273,177,2324
42.078057,-75.64839,44,2325
42.08099,-77.40941,10,2326
42.08145,-75.98735,74,2327
42.0874,-76.7018,55,2328
42.089,-76.7804,201,2329
42.0891,-76.0896,112,2330
42.091286,-76.220501,72,2331
42.09148,-76.26798,128,2332
42.092,-76.5472,110,2333
42.09271,-75.96206,42,2334
42.094178,-75.823091,48,2335
42.0966,-76.7571,55,2336
42.0991,-77.0398,173,2337
42.100281,-75.890436,66,2338
42.10466,-76.922193,50,2339
42.1065,-76.541,91,2340
42.1068,-76.0141,14,2341
42.10682,-77.22814,22,2342
42.10903,-76.161328,92,2343
42.1092,-76.0675,116,2344
42.109613,-77.039105,44,2345
42.111734,-76.382806,22,2346
42.112538,-76.80241,36,2347
42.1126,-76.8014,84,2348
42.1161,-76.6196,82,2349
42.116185,-76.0201,18,2350
42.11645,-75.656411,36,2351
42.11939,-77.20543,24,2352
42.119948,-77.021591,14,2353
42.1201,-77.0217,182,2354
42.120168,-75.986746,40,2355
42.121018,-77.129189,226,2356
42.121054,-75.948932,44,2357
42.1258,-76.0213,294,2358
42.1269,-76.27025,204,2359
42.127543,-75.643697,40,2360
42.132305,-75.975299,46,2361
42.1325,-76.9372,138,2362
42.133708,-76.915591,18,2363
42.13758,-75.94223,12,2364
42.137952,-77.324079,14,2365
42.1391,-76.5568,124,2366
42.1404,-75.894935,66,2367
42.142795,-75.942233,52,2368
42.1429,-76.295,297,2369
42.143654,-76.812171,56,2370
42.146166,-76.013986,106,2371
42.1515,-76.0584,303,2372
42.152078,-77.044899,52,2373
42.152842,-76.058629,94,2374
42.154431,-76.8861,12,2375
42.156437,-76.075449,68,2376
42.158794,-75.891848,8,2377
42.16013,-76.070314,56,2378
42.167795,-75.82428,62,2379
42.1682,-76.2462,343,2380
42.16832,-76.24582,204,2381
42.168437,-77.098832,98,2382
42.1685,-75.8318,19,2383
42.16879,-75.89955,88,2384
42.168823,-75.899533,68,2385
42.1715,-76.5762,108,2386
42.172431,-76.733454,58,2387
42.173121,-77.330564,126,2388
42.174488,-77.09934,232,2389
42.176063,-76.024618,40,2390
42.1773,-77.0661,143,2391
42.1804,-76.0045,2,2392
42.180732,-75.907476,8,2393
42.180776,-75.907419,66,2394
42.1811,-77.1044,80,2395
42.1848,-76.56,114,2396
42.185158,-76.011347,36,2397
42.1856,-76.2471,340,2398
42.18568,-76.24733,208,2399
42.1876,-76.7897,293,2400
42.189021,-75.637646,38,2401
42.1907,-75.6168,144,2402
42.192531,-77.14166,44,2403
42.1935,-76.2058,338,2404
42.19397,-76.20567,208,2405
42.196,-76.5638,34,2406
42.1981,-76.4724,43,2407
42.199,-76.4723,42,2408
42.2003,-76.3213,277,2409
42.2011,-77.0388,84,2410
42.2024,-76.9916,83,2411
42.203,-76.5734,119,2412
42.2052,-75.5354,149,2413
42.2073,-77.17738,32,2414
42.2079,-76.4712,53,2415
42.2112,-76.4917,28,2416
42.213036,-77.3464,126,2417
42.214673,-76.040482,12,2418
42.21541,-76.03917,107,2419
42.216488,-75.824883,60,2420
42.2178,-76.4445,13,2421
42.2275,-76.3359,292,2422
42.2304,-75.5327,4,2423
42.2307,-77.20569,32,2424
42.2307,-75.5299,145,2425
42.23278,-76.23418,200,2426
42.2336,-76.4885,14,2427
42.2365,-76.4853,33,2428
42.2371,-76.6146,367,2429
42.2404,-75.5263,148,2430
42.2442,-76.3747,291,2431
42.2446,-76.6323,424,2432
42.2483,-76.5371,63,2433
42.2483,-76.5358,53,2434
42.25226,-77.8027,86,2435
42.2525,-77.21694,1415,2436
42.25442,-77.58364,34,2437
42.2553,-77.561094,36,2438
42.2563,-76.5556,52,2439
42.256935,-77.789058,228,2440
42.26401,-77.54923,70,2441
42.26486,-77.56593,72,2442
42.267864,-77.758776,232,2443
42.2684,-77.7604,188,2444
42.2687,-76.5352,57,2445
42.2689,-76.6825,423,2446
42.2742,-75.5427,149,2447
42.2782,-76.6925,2,2448
42.2871,-76.6891,413,2449
42.288608,-77.226734,24,2450
42.2892,-76.7089,5,2451
42.289235,-76.253762,8,2452
42.2902,-77.0668,82,2453
42.296,-76.6857,121,2454
42.2971,-76.4853,217,2455
42.29806,-75.90917,225,2456
42.303269,-77.24805,20,2457
42.3047,-76.6765,105,2458
42.3067,-76.2503,76,2459
42.308,-77.752,188,2460
42.3088,-76.6771,98,2461
42.312687,-77.280848,20,2462
42.3135,-76.7223,432,2463
42.3164,-77.7411,188,2464
42.3178,-76.6664,41,2465
42.319399,-77.73649,72,2466
42.32057,-77.802397,2,2467
42.321642,-77.8311,46,2468
42.322989,-77.832562,48,2469
42.3242,-76.6479,39,2470
42.3256,-77.3111,106,2471
42.32871,-77.33021,34,2472
42.3304,-76.4316,196,2473
42.3396,-75.4044,16,2474
42.34174,-77.48431,72,2475
42.3424,-76.2444,72,2476
42.346255,-77.397791,36,2477
42.3476,-76.4601,173,2478
42.3484,-75.4926,15,2479
42.3491,-76.7355,137,2480
42.3573,-77.3499,34,2481
42.3573,-77.3433,30,2482
42.363376,-77.820421,98,2483
42.36539,-77.447128,34,2484
42.366514,-77.775254,56,2485
42.369426,-77.806562,14,2486
42.37778,-75.40639,1390,2487
42.378255,-77.368395,2,2488
42.3787,-77.1825,12,2489
42.3799,-76.2915,224,2490
42.3805,-76.7204,135,2491
42.385875,-77.7281,12,2492
42.38852,-77.7286,44,2493
42.3887,-75.4046,16,2494
42.40083,-75.63361,14,2495
42.4072,-75.4928,16,2496
42.4109,-76.2037,186,2497
42.4237,-76.2043,211,2498
42.428,-76.2251,221,2499
42.430457,-74.835244,24,2500
42.4343,-77.4264,20,2501
42.4422,-76.0331,103,2502
42.44646,-77.44843,14,2503
42.44655,-75.774925,4,2504
42.44668,-77.4617,10,2505
42.44695,-75.59917,14,2506
42.4621,-75.5224,16,2507
42.4626,-75.5851,203,2508
42.462967,-75.5481,38,2509
42.481862,-75.715585,4,2510
42.483,-75.5985,168,2511
42.500439,-77.280603,238,2512
42.502402,-77.275783,42,2513
42.5194,-75.6159,192,2514
42.5221,-76.0389,101,2515
42.5316,-75.623,178,2516
42.5347,-75.535167,38,2517
42.5363,-75.6169,199,2518
42.54499,-74.84201,97,2519
42.545443,-75.238748,97,2520
42.5607,-75.6195,191,2521
42.576139,-75.715942,6,2522
42.58939,-75.19321,126,2523
42.5902,-75.5814,87,2524
42.592681,-74.949535,49,2525
42.598764,-75.689519,10,2526
42.5996,-75.6119,46,2527
42.6044,-75.6405,86,2528
42.608625,-75.702733,6,2529
42.6162,-75.6034,85,2530
42.61636,-75.05741,96,2531
42.618856,-75.768206,40,2532
42.6362,-75.6245,43,2533
42.642336,-75.789453,42,2534
42.6462,-75.6226,83,2535
42.657507,-75.058615,28,2536
42.6616,-75.6274,85,2537
42.666023,-74.959008,40,2538
42.6862,-74.9184,103,2539
42.690481,-74.929575,87,2540
42.7109,-76.1516,4,2541
42.7769,-76.1534,12,2542
42.80672,-74.90287,67,2543
